8.440675209057488249e-03 8.163639004860072726e-03 4.838987196977425145e-03 -1.608722413430527243e-02 -9.830706148969360972e-03 2.522997688748515599e-02 4.506452935419627548e-02 -2.938028196862841127e-02 5.123094902224380576e+01 3.868715971940359566e+01
1.605600604766745099e-02 -5.448951530491487165e-03 -3.577912430550977269e-02 5.976508861559599005e-03 1.819356347126172002e-02 5.831849611800432424e-03 -1.825797643426379721e-02 1.841317018508024234e-02 5.638959070087520331e+01 3.644250442155847480e+01
-2.750741134247995656e-02 7.369204079538149363e-03 4.664441376500677063e-03 8.390309480659883731e-03 8.382854589101304543e-03 -3.389724195180681549e-02 4.103193681794385476e-03 -2.458996503144100093e-02 5.026858961481819676e+01 3.128057040581272474e+01
-1.661996904661440164e-02 -1.223881739958989148e-02 1.819423319366226741e-02 4.677370503283289488e-02 3.048990126060540165e-03 -2.246420196627161876e-03 -1.168441004822804753e-02 -1.234911055019133168e-02 6.088890579428618821e+01 4.400129625026889357e+01
4.821969199179026305e-02 -2.755989872419871423e-02 2.479318009524776904e-04 2.085301636389128715e-02 -1.399828119999285692e-02 4.916784819363006695e-03 -3.739010385786267765e-02 -2.318911140772324242e-02 5.676508195838515292e+01 4.496580640049653255e+01
2.013594492596266008e-02 6.555046618974914863e-02 2.216137622149602984e-02 4.127230488401083947e-02 -1.891231779831460333e-02 -1.898491358191600406e-02 -9.940359689081640013e-03 4.230373196353085321e-04 6.207811702914994356e+01 4.409328913033648689e+01
-1.665838334240854132e-02 -8.329386929070436291e-03 1.471464529741497648e-02 -1.946571718278856250e-02 -3.429747300589271880e-02 3.465846306705813035e-02 2.201441884220175019e-02 -9.267552188159933896e-03 4.669195956886998999e+01 3.503104190810039853e+01
3.658821842189162194e-03 -1.296328960444729714e-02 -3.278075576374977346e-02 3.630132709342329123e-02 -3.192138374121842453e-02 -9.101693763549880550e-03 1.280964881940372356e-02 -3.969500608408029624e-03 4.998809903627861928e+01 3.331762227654400732e+01
-2.671371273737047428e-02 4.160280744306048273e-02 2.879530329042809950e-02 3.048151781484964226e-02 -2.323061303408556835e-02 -2.967104380826267318e-02 -1.059402009783398657e-02 -1.283471723230571572e-03 5.660047210740983559e+01 3.574292196030754099e+01
1.435758448981444210e-02 2.080483219549550747e-02 3.308005819205318138e-02 2.385026277986698057e-03 8.423801914671957825e-03 -3.979676113692342024e-04 4.605772849284164860e-03 6.414419381009112478e-03 5.755542343024450247e+01 4.054761622972819879e+01
-1.878304384107657050e-03 -2.626143085296495615e-03 -2.706515261097697331e-03 1.039126981472202060e-02 1.578966786975048936e-03 -3.664447221251942999e-02 1.304332339886070044e-02 -1.137205277938842067e-02 5.100959757885893708e+01 3.000435264186129558e+01
-1.580087290488344995e-02 3.106988893195822277e-02 2.393406705904649323e-02 -1.877388717330212608e-03 -2.453957637015825519e-02 7.303506638883235785e-03 9.046349418700154812e-03 -3.329885952717848846e-02 5.067869892162403289e+01 3.725263829438556229e+01
-1.999731613253885598e-02 1.328272556706004519e-02 -4.060813730964307755e-02 -7.276341502471534405e-03 -2.279984855926066312e-02 -5.768448522334182656e-03 -6.609607186973337836e-03 -1.958245423515536654e-02 5.269106871787379731e+01 2.924392564710601050e+01
-2.518513508084190347e-02 -4.531705482736941588e-04 -4.398661335364072340e-03 -4.563704593304226953e-03 3.034539965475437778e-02 1.153502004910431696e-03 1.976834574106884485e-02 8.667924154938276213e-03 5.065815248638832458e+01 3.198937571007882497e+01
-8.013065348251958292e-03 -2.098924877677621134e-02 2.377061687710290555e-02 3.989696261202778371e-02 9.708752246762177929e-04 -1.571654683965766422e-04 3.924590558685450009e-02 1.817485172629497436e-02 6.171973971961518401e+01 4.009417215336269180e+01
5.908680067413312267e-03 -8.945824260327405473e-04 1.133681913643399923e-02 1.567218409563211207e-02 1.665790360339068285e-02 4.118091613804220064e-02 -2.766558141859197517e-02 -6.407270029396613248e-03 5.696443636259376575e+01 4.148132533274986145e+01
-1.743988946203361978e-02 -1.793070803683326220e-02 3.127641462360135002e-03 5.418542109745226078e-03 -2.938383370590205712e-02 -1.767188864384112990e-02 -3.833564065241506016e-03 2.723289417593456607e-02 4.815954082159127125e+01 3.122351012335515819e+01
1.076109557824632412e-02 -5.917188789168934503e-03 -1.887235648002578633e-02 -1.381306680530474187e-02 4.764090721753715812e-02 -3.380568550416415924e-04 3.067324647034154732e-03 -2.391333569221998703e-02 5.732777976788590024e+01 3.635208694892158121e+01
-2.185900308690472658e-03 -3.132394077461281984e-02 -1.490924507467152743e-03 -8.624077394160966845e-03 1.720791127095423409e-02 -6.456602635086548976e-03 1.823163536567648860e-02 -6.482701704446910962e-03 5.158681274579347331e+01 3.500879837425026864e+01
-2.713423345522436234e-02 3.142525825306032028e-02 -1.023053125685437041e-02 5.877439429042369962e-02 4.289914927213101664e-02 3.208585754834120812e-02 3.163511023039560638e-02 2.774228150736125949e-03 6.141144436833213405e+01 4.801231829770529203e+01
1.720697026645250788e-02 -2.054728845557376310e-02 6.002425227190806567e-03 -1.867315184317653795e-02 -2.180707119140626316e-02 -4.774817602772865599e-02 9.245166943905654133e-03 -3.248886802090780734e-02 4.978482349883541502e+01 3.073704734369556846e+01
-2.665115202761416183e-03 4.621537992095277672e-03 -4.901108139366632324e-03 1.567918170716505605e-02 1.527125716115325382e-02 3.625175159736720998e-02 3.660134288720420098e-02 3.173073783559181987e-02 5.364345662605646226e+01 4.152626750418394153e+01
-1.292610270465320088e-03 9.513626403268832243e-03 2.723207190305616809e-02 -2.029249583233175280e-02 -3.602104030574871264e-03 -6.919228643547892417e-03 -1.279429007442816485e-02 4.435086834710168235e-02 4.962873369356722719e+01 3.451992233472800109e+01
-1.334016721714083829e-02 -1.013314554757208281e-02 2.039659002290740777e-02 1.394098578641068259e-02 7.073248165878022464e-02 2.094933879357076603e-02 1.103760034356204844e-02 3.449963811622168419e-02 6.017266647662214041e+01 4.705355633660164472e+01
1.146834706398591579e-02 -1.403025413346120284e-02 -1.398341025244496071e-02 -7.497448487355140058e-03 1.706417021488069660e-02 -4.718714327880994645e-03 -2.627001501527896285e-02 1.047057153637110175e-02 5.405504301090959984e+01 3.743315409435322039e+01
2.599596481646701714e-03 3.408416113227163979e-02 -2.141506786207749216e-02 -3.061325267196178881e-02 -1.633474245062734725e-02 -1.228786582767050009e-02 -5.868320749080072757e-02 -4.062660536210263573e-02 5.374702348355081938e+01 2.193287632649945351e+01
2.845127333567876518e-02 1.828573475475850710e-02 5.571523390368413042e-03 -7.788240044288344266e-02 -1.231635285140307220e-02 1.492036508001295600e-02 4.801308280214082631e-03 2.059345190784760138e-04 5.716604255814019098e+01 2.841167803425360106e+01
-2.561252245359006002e-02 -1.974035933335366311e-02 3.449848342902868403e-02 5.565142935841626420e-02 3.670322992865770323e-02 4.449805352263494669e-03 -1.493460729554677187e-02 2.469362157093691040e-03 6.728684120453439732e+01 4.442995467716161784e+01
-3.390876783554910325e-03 7.083103043327557136e-03 -2.621786900712670329e-02 1.577472248973659993e-02 9.710123544641426768e-03 -3.216610298866835055e-02 -2.955684555933409813e-02 -2.329659964898814044e-03 5.136295425360752631e+01 3.271701549871266934e+01
-1.549274259828364864e-02 -1.882729473520448893e-02 -6.172201468743147151e-03 -2.314264327956830694e-02 2.326623734824536868e-02 8.413905396368928299e-03 -7.505444515384531064e-03 6.092942511253282394e-03 5.269286254107446865e+01 3.555637510758651842e+01
6.781500479527885483e-03 -1.366330237849887504e-02 -5.454948708424478543e-02 2.244197471810552291e-02 5.334304721413419235e-03 1.751307527705518296e-03 -2.222796958532280865e-03 1.250016202809246281e-02 5.511799338820843985e+01 3.538423594062156496e+01
2.158596752086264572e-02 -2.379296930892604162e-02 -1.669660863877294593e-02 6.495965800526478685e-03 1.942933749849586750e-02 -1.349468672712702752e-02 3.879128036244555450e-03 4.876320845576061214e-02 5.421335874197630744e+01 3.612396201825067976e+01
1.854216506327547101e-02 1.943553283326321726e-02 2.964531761751126523e-02 -4.109811865700416927e-02 5.504721815727597889e-02 1.519500370406718162e-02 -2.349634553022240946e-02 -1.739799862817316412e-02 5.557884123607481541e+01 3.906144086466071741e+01
-2.846980704853861732e-02 -3.445163574976328746e-02 1.063367606859805421e-02 -2.983447357466016692e-02 2.603441215047217622e-03 -1.785253278883975822e-02 -1.836297716184142345e-03 6.073660923474893600e-03 4.843944929680803568e+01 2.785394206193827671e+01
-3.865997322043956269e-02 -4.174016596088925279e-02 2.964613117815568383e-02 -1.349992535046822331e-03 -3.947905339093064209e-03 -4.676160257083335214e-02 5.783586464326633848e-03 6.091740337191000818e-03 5.063655396421484767e+01 2.931168112427059569e+01
-6.954799841837200000e-03 8.026199712902613165e-03 -5.923718563530980946e-02 -1.305362671582780895e-02 -1.388609192556380587e-02 -3.038648273344458223e-02 -2.575684257722072462e-02 -2.673796063421593830e-02 5.614284837416850849e+01 2.632215360474693711e+01
1.235347376265795785e-02 -2.025631559166770138e-02 1.015934143353665678e-02 -2.620067871623077329e-03 -7.406404481107855056e-03 -5.486130944352270167e-02 2.046969443273194758e-02 6.962809290294360957e-03 5.049941169403960117e+01 3.274940872232343736e+01
-1.929843656507420485e-02 2.575127201637410906e-02 3.361137114088066230e-02 -3.154124660962454810e-03 7.846691433764955634e-03 -1.721090539304970940e-02 9.438266406815496931e-03 -6.416140899127547453e-03 5.370294721785619174e+01 3.227576399519801953e+01
3.372250266952231401e-03 8.455959922564340115e-04 -2.047048476751919723e-03 -4.441848413885862018e-02 -2.604488865743060863e-02 -2.414895525194139109e-02 9.697126581861536740e-03 -6.183522098768930858e-02 5.203842183881392458e+01 2.511342607761345391e+01
9.311153901100779895e-03 -1.734131712948738487e-04 -9.099708128843465166e-03 4.478845212809045434e-02 1.003610786795818000e-02 -1.060727996638213128e-02 2.779922928898753351e-02 -1.404045676411504878e-02 5.856721032441087260e+01 4.282914954837406896e+01
-4.634137522220492522e-02 9.059721264322534093e-03 4.678860188630398764e-02 -4.392429395288705712e-02 -3.351018755977946961e-02 8.342762091542327632e-03 1.119213852632724472e-02 -2.118864338546091325e-02 4.370198683017968477e+01 2.884602159165882185e+01
-2.630998401679953552e-02 2.479918196062631461e-02 -6.436518215461270800e-03 1.394900255495074189e-02 -1.755509352956533681e-02 7.190378870871524941e-03 -2.382103348995079362e-02 4.516054980651166423e-02 4.846154615854391068e+01 3.796393618608917819e+01
1.026214733015936784e-02 1.527151128780683542e-02 1.084218872853999829e-02 -2.534673203872174832e-02 -1.256366820555256114e-02 -1.412012160230654428e-02 8.166590537502630559e-03 -7.548069927691295443e-03 5.040188903790554065e+01 3.192189415495840166e+01
-3.021932773246867668e-02 -3.639338174356448324e-02 -5.322515877347792218e-02 -1.375775105040830983e-02 -9.742949356016791448e-03 -2.535363657290571823e-02 -1.422822953020707465e-02 3.518122514058109884e-02 5.412699265869063225e+01 2.086889587906948051e+01
-1.690973328907435097e-02 8.256087534918564799e-03 2.614903724580070615e-02 -1.975993812459677507e-02 -2.184599562133854311e-02 9.530170719488710931e-03 9.231395645493094618e-03 2.864427886667565877e-03 4.791068149911912855e+01 3.076625366741686207e+01
-1.463357617331194696e-02 2.249204209202848494e-03 2.642754467114626776e-02 -5.146865431448675865e-03 2.292673035616046157e-02 1.314113162109665101e-03 -5.643653718937225068e-03 -1.031640674431747763e-02 5.401352548510693197e+01 3.752892850758469478e+01
2.795225409932114088e-02 -2.017656246374972557e-03 -6.464878360433586914e-03 -4.237543011114313328e-03 -1.103050277520060095e-02 -1.292405109399504676e-02 -5.822165054342116203e-02 -4.360900201195738041e-03 5.244414153649945831e+01 3.629981038478771893e+01
-4.229401270045889984e-03 -2.074670642630550149e-02 -2.067067060660427238e-02 1.551418195050078414e-02 1.719140476887632760e-02 3.003130453653103660e-02 -3.228457513310256655e-02 2.317008522726436703e-02 5.262018921047838660e+01 4.040744660508902086e+01
5.865113326768823729e-03 7.205151597509913859e-03 7.221451343666918099e-03 4.642342694940085335e-03 -6.360079618169900938e-03 5.793252423308521519e-03 5.410795004025899767e-03 2.514822885586789989e-03 5.263430574619925295e+01 3.777080134647296461e+01
-3.997566353679207068e-02 -3.989700671875872490e-02 -1.927426323176427078e-02 -1.074629827826469562e-02 -3.202833383770137266e-02 7.453901303687180194e-03 -1.301757831546296405e-03 -1.901638792504489099e-03 4.826397208828391427e+01 2.731506634350776253e+01
1.331842170817457843e-02 1.938212395482607348e-02 7.532406414960904351e-03 -3.023469069440571505e-02 1.026890521450352436e-02 -1.326312665560731646e-04 -1.488909683084937638e-02 3.793903482968566127e-03 5.322818350023730005e+01 3.156456009112316607e+01
4.116003424391471641e-03 -3.258519227598100088e-02 -9.858811405433186032e-04 -1.793946779281693077e-02 -8.293155046022208585e-03 -2.686079647147127797e-02 2.912873095862340833e-02 2.363477436264533119e-02 5.102127447766819301e+01 2.796132743518939634e+01
1.232597177006201396e-02 -3.312629981634486465e-03 8.411066922988283054e-03 -1.943901823011935648e-02 -3.912649111225172116e-02 -5.211705505691202611e-02 -3.002230033992303246e-02 -7.855937908127335820e-03 4.793810651682969848e+01 2.693784012528271177e+01
2.478701621285346948e-02 2.005140417485946902e-02 -1.094532952652395828e-03 -2.383817001602567959e-02 -2.112277173447949311e-02 -1.689594439961865022e-02 -5.828511946548172937e-03 -2.348793431442522048e-02 5.188028723803769537e+01 3.131958401062809827e+01
9.434373511972342363e-03 1.956560562915218154e-02 -1.879943263369293974e-02 -4.222784092207011383e-03 -1.755888238497593443e-02 -4.401266906985271121e-02 -2.446535520782410281e-02 -1.592572500774203439e-02 5.185391381216827256e+01 2.891822119315298778e+01
5.040096892636736214e-02 3.599848995479325992e-02 3.754118470398428581e-02 -3.353831188464368503e-03 2.182273763433685912e-02 -2.755453245018070658e-03 3.124646061099538297e-02 1.333683152517628132e-02 6.044056288928497622e+01 4.333142367290365371e+01
1.898584914899718173e-02 1.693751024790993501e-02 2.580252228524094679e-02 7.455115509908315230e-03 3.072969256203119965e-03 -7.484516077531536832e-03 -2.667341550615709780e-02 1.000081222057411408e-02 5.753040693854597265e+01 4.048543857563203119e+01
5.082203651745663409e-02 -1.064981201216147824e-02 -1.755957421186628634e-02 -7.070309044108705069e-04 8.371205656720058161e-03 -1.247035300112294548e-02 -6.112016330701109355e-03 -1.389208626644004331e-02 5.642411116311144781e+01 4.073992859287833568e+01
-5.745783086760336729e-03 -1.021125594428484891e-02 1.206719188248567623e-02 4.540210125252154560e-02 7.538982946335012585e-03 -1.800950053237217532e-02 3.543241125567165098e-03 -4.491309022871619282e-03 6.051781607579832212e+01 4.218021762563222410e+01
-1.941734686478973791e-03 -1.264825448108656582e-02 3.171102932991119033e-02 -5.050801414494786312e-02 -2.442964453050046336e-02 1.381257575147372581e-02 -1.598974073633995310e-02 3.208082316335101897e-03 4.895399181915455245e+01 2.596400731790201633e+01
1.704869669017509276e-02 6.090286440628080340e-03 4.585485980602300136e-03 -1.946367067043121984e-02 4.761565582553708986e-02 -1.050394514940477045e-02 -7.061516345403484780e-03 -4.375618755707819628e-03 5.487030998685215621e+01 3.440775739107622400e+01
-1.043214653862531774e-02 -2.052367022288024284e-02 -6.069160448884737200e-03 2.600894061316827433e-02 -2.418758893128968718e-02 -3.509341997634968929e-02 1.586581278192605166e-02 1.134388531991544456e-02 5.105786233110108441e+01 3.274725620205330756e+01
1.406891215599673228e-02 -5.683716381043380124e-03 -3.517164392586090427e-02 2.421845759334003909e-02 2.264261957087932917e-02 2.050621523196879611e-02 -2.043445200993710548e-02 2.965541005152842746e-02 5.478314795038436102e+01 4.216594896251044844e+01
-1.548091736938504714e-03 7.906557871781004845e-03 -5.053555195906602078e-03 1.943510197395047906e-02 5.306424850624247985e-02 5.633637070193622115e-03 4.759733552620016087e-03 7.787367174965096998e-03 5.611990245095991980e+01 4.482812200606553432e+01
-2.236103996282463521e-02 1.799395136622933961e-02 4.447273659639115750e-02 1.320302192764439934e-02 1.738721905719780442e-02 -1.999133798962856104e-02 3.526703135984645548e-02 5.532564563723210704e-03 5.916121303250799457e+01 3.844877649880331205e+01
3.352316877926230648e-02 -1.183690993564052909e-03 -5.368304376756332687e-03 -1.612777831945550952e-02 1.854189706629857590e-02 5.133796467333440194e-02 1.210078280486632379e-02 6.490214358991750615e-03 5.641732446880214269e+01 4.084654156330744712e+01
-4.070816634883716451e-02 2.538151006179417430e-03 -3.759828527657530645e-02 -4.257435436994126687e-02 1.931001605424154111e-02 1.009836927108160275e-02 3.712949918651501507e-02 5.351368555966483365e-02 5.641370302686198102e+01 2.560289600613657868e+01
8.464518891183329258e-03 4.210638135200189813e-02 -3.097706869197809632e-02 2.719327053445953421e-02 -2.842530494908466349e-02 -1.396237685728195753e-02 2.133294908905489576e-02 1.394646260326754678e-02 4.985107685595452409e+01 3.245771966505349582e+01
8.942162079096982463e-03 -2.419227502644497561e-03 -2.738048696007596566e-02 -2.399658862948849530e-02 2.276295260321351335e-02 -5.779045565087129015e-03 1.520376958034273633e-02 -1.828181779917237640e-02 5.730370299485563379e+01 3.301531353089940524e+01
3.962704327540289215e-03 1.347208443002176868e-02 2.407035082197696296e-02 4.738075077884883884e-02 -1.386914022544053805e-03 -2.314242944107343034e-02 2.880980813318423372e-02 -2.634348595048733796e-02 6.327929812422266309e+01 4.607133814104740566e+01
2.465992253497044720e-03 8.543879280801856910e-04 3.792476238388351600e-02 -1.153479828793877717e-03 1.752404170662966512e-02 -7.421557823983423660e-03 1.901864002607060039e-02 1.206895985568887499e-03 5.692317270288907594e+01 4.031823924177702168e+01
1.496667062183899312e-02 4.622884645140958731e-02 -5.836750004612777966e-03 3.664062444266968227e-02 -6.856947343297931270e-03 -2.462797479741000994e-02 3.604859899746383489e-02 -1.914613106195808823e-02 5.683528345768231560e+01 4.186277885993592918e+01
-2.309635204447224935e-02 1.267277297960858230e-02 2.806287226701679668e-02 -1.215262113823307143e-02 1.117757654023680304e-02 1.682896150918804928e-02 -3.248506849224035847e-02 1.225057729034989551e-02 5.176429757625858485e+01 3.590656551746231173e+01
-2.049215482254135648e-02 -2.904038784430364520e-02 -8.306047082073554980e-03 1.538555697844395595e-02 -2.940327193378743098e-02 5.950385186094346406e-03 -3.719863443107542661e-02 -1.291013325237475896e-02 4.822604060350396082e+01 3.233469516594146143e+01
1.200070916187352026e-03 2.746020082657959702e-02 5.227810277791959843e-03 -1.110359577047039317e-02 -5.131074337193777465e-03 -2.322552100923330753e-02 -3.167856548381805387e-02 4.891152593971472701e-02 4.930641805718913417e+01 3.436238977338582856e+01
-1.609652016180613751e-02 -1.890994154754973774e-02 1.404120285395443930e-02 1.499494408298532137e-02 -1.387022799821621515e-02 -1.804359168777100800e-02 3.751272697429631781e-03 -1.686810848651331242e-03 5.285692962285612850e+01 3.053233388478817290e+01
-6.868476663175472098e-03 -6.660229539562013273e-03 3.119647814112965975e-02 -5.034552577407495162e-04 -3.248156243341302277e-03 -7.371633469418773649e-03 -3.438691827945093704e-02 2.254152238852743032e-02 5.374071827417672864e+01 3.452061730254708039e+01
-2.896991679990287144e-02 -1.281645767525757713e-02 2.475916705432869985e-02 -2.628891819736400674e-03 -1.358217347851081898e-02 4.042217262043151793e-02 7.673677044125585840e-04 -1.896136934963635139e-04 5.106445359272846218e+01 3.741828442076040062e+01
3.369511439060690963e-03 5.201621598825885168e-04 -9.194225580112942373e-03 2.319036809463351223e-02 2.182118953045714821e-02 -1.526163734358134891e-02 -3.778418064026751316e-02 -4.308167744525814163e-02 5.483809074289878538e+01 4.124786104040912704e+01
4.739998569202137635e-02 3.144295888314096316e-02 1.487905261725160078e-02 1.820227225520942502e-02 -3.153709402561895997e-02 -1.484946322728724136e-02 -7.065521965410741755e-03 4.246636921191333965e-03 5.725054157877917760e+01 4.028736484467904688e+01
-1.255814014904060904e-03 9.745350024100438505e-03 3.667574778517391360e-02 -2.464765334741628178e-02 -4.089217204039026499e-02 -1.344053997277094457e-03 9.338365349604785606e-03 5.565425956108740503e-03 4.804912878042561175e+01 3.424936188687101435e+01
-2.333647750097475344e-03 -1.824441852246047602e-02 -5.085159415998374843e-02 1.412927187108318529e-02 7.572367187029611403e-03 -3.127870571670028632e-02 -3.898393410924707887e-03 1.753312102581567125e-02 5.444535634161055526e+01 3.293841956552900285e+01
3.422969673075925562e-02 2.287494587637362107e-03 3.630908205588533749e-02 3.700118260044703983e-02 -4.549100637667681524e-02 2.320612042165911409e-02 9.634556445781001371e-03 -6.836504108003786662e-02 6.332601212249429068e+01 4.811617944469993802e+01
-4.132793549178477577e-02 3.591618408037060284e-02 7.508037870552548843e-03 -3.012469780388093293e-02 -2.186742785476357767e-02 1.295151624228944691e-02 -3.175558710135222701e-02 -3.775717419784270501e-02 4.737768289682049527e+01 2.908690386772565617e+01
-3.135513063467033207e-02 -2.089667931587246494e-03 4.814725364429826328e-03 2.502917518773320471e-02 1.080478638628828633e-02 -2.416826191324983678e-02 -3.718257944932153169e-02 -4.596381056899340178e-02 5.353293631239296957e+01 3.082877468467196991e+01
-7.897556449907382203e-03 -5.780293543024642329e-03 2.270290835818594699e-02 -1.229219213057147070e-02 8.172365933950179575e-04 1.437363516583152652e-03 5.376999613313453337e-03 -1.806087751801382923e-03 5.089543022358081714e+01 3.506087486401487041e+01
1.513560667158152413e-02 3.598330769661521600e-02 5.910893067728508962e-03 3.384621612052175765e-02 -4.701123322271499871e-02 -3.043870321265378510e-04 7.117238115477589853e-03 2.017501142085430244e-02 5.609678114199688537e+01 4.181571269316147266e+01
3.260166700215244573e-02 8.039983627864328783e-03 -1.686062024105746890e-02 3.190906679854964983e-02 2.781561925682597344e-02 2.224108773867002758e-02 -1.457474737034782260e-02 3.747851424506571522e-02 5.785525617529634701e+01 4.505583597370961968e+01
3.436291613308387755e-02 -7.181819108014678675e-03 2.500295621685164060e-02 -1.635561807524175959e-02 -1.680959577799527246e-02 -2.105287733433702443e-02 2.817065098529009104e-02 -2.086646879435062607e-02 5.217849702191907824e+01 3.827479714208624273e+01
-1.760569887547864740e-02 2.817948825424209519e-02 -1.681769799884814259e-02 1.234544594685675666e-03 -2.698904805148960584e-02 -3.454786642436100900e-03 -2.732202437291588251e-02 4.542027573992110656e-02 4.876452307236656480e+01 2.650678441354836323e+01
-1.262886119286453501e-02 -5.882757683150236644e-03 -2.100571251070890069e-03 -8.685525099816118408e-03 -2.197100414296600940e-03 3.053299902171432295e-02 1.908144532977743696e-02 -4.212304150818942106e-02 5.016056552368801391e+01 3.606530602753532122e+01
9.443860967771658919e-05 -4.744957019520374200e-03 1.022684775659717452e-02 5.523292691676437438e-02 5.201769541054819534e-02 2.629035810982889923e-02 -2.459524578065953176e-02 -2.462871815656516444e-02 6.675803873066355720e+01 4.890240893075417716e+01
1.524242940064867054e-02 -1.055547476920904240e-02 4.284502641385485450e-02 3.761431177163728629e-02 -6.721625695597117402e-03 2.745622806927758633e-02 -1.535988201091059019e-02 -1.462681389189770045e-02 6.569575767245378017e+01 4.838518807682866196e+01
3.887791693232355017e-03 2.327350287176578950e-02 4.367855749250781211e-02 1.001065499754726779e-02 1.573017810245276593e-02 -5.331775568579504194e-03 2.582810683690602450e-03 -2.163441949067019046e-02 6.026800757020858157e+01 4.742324769787300909e+01
1.622385064184514447e-02 1.322245356904900443e-02 1.492939846959328611e-03 5.611415565250980897e-02 -4.279908574505606605e-02 -8.927272711330041730e-03 -4.509204872877867198e-02 8.551853552672173536e-03 5.931046781104253540e+01 4.090830070853325395e+01
-1.689520739171416694e-02 6.343580008351904810e-03 2.806976072490579427e-02 1.085766756902612623e-02 6.457601687635725583e-04 4.100566106894672214e-02 -2.649715072102586024e-03 -3.199023794378746000e-03 5.633480867735745079e+01 4.375031611736670101e+01
9.162650157290607236e-03 4.279339382956753868e-02 5.679033436654204762e-04 6.279593597530228402e-03 6.171173681655047795e-03 -4.834784310873632002e-02 3.122677457744720345e-02 -9.184273690532254383e-03 5.167581346883169147e+01 3.340476091980586659e+01
3.405559839380840892e-02 -1.418234777471275281e-03 1.311717591522514222e-02 1.800196601474896366e-02 -1.933306798501068305e-02 -1.476761087927831555e-02 1.620194558504831290e-03 -8.028421867738879877e-03 5.668360746384079363e+01 4.030870622912052426e+01
5.566178653435875038e-04 2.173857250608862007e-02 -2.375015849976069848e-02 1.494223786112156525e-02 5.916964497944733614e-02 -1.314578994926877097e-02 -4.532371451466163381e-03 1.963558294495615017e-02 5.570741019441301489e+01 4.178298948238877131e+01
-6.408155476034407654e-03 1.181068759840014047e-02 3.827783406280788753e-02 -3.510943131206847867e-02 2.029040760606361238e-02 -1.598254222490887383e-03 -1.621846231966073831e-02 1.295950521112102481e-02 5.069790935310322055e+01 3.392652740319275750e+01
1.419426714042754459e-02 -4.250885535793034326e-02 8.168844864986828450e-03 2.487970468808857472e-02 1.943449656903552258e-02 -5.454279660736881252e-02 -3.102858756457171560e-02 2.266547221754984867e-02 5.758985756904645825e+01 3.750708330529194967e+01
-8.458683210252488857e-03 -1.462755766330602752e-03 7.857180515977460478e-03 7.064525518336966549e-03 -3.141253336998270362e-02 -9.487808975153850383e-03 -9.052224157541881658e-03 2.487074561128902600e-02 4.982980360767776773e+01 3.129896260661787011e+01
-7.084704728169853236e-03 9.476193037364915792e-03 -3.044358720382230390e-02 -1.382080520295269135e-02 -2.841183165619580800e-02 1.254140015761560228e-02 6.243332179558054498e-04 4.831706387182237161e-02 5.273378127395245940e+01 2.965450665779081163e+01
-2.502859328264357350e-02 3.480125986615949241e-02 4.461716218649407206e-02 3.306714659368188702e-02 4.071221092719970458e-02 3.949003637953976686e-02 2.929752623193332406e-02 9.338850783576073053e-03 6.518685813084232450e+01 4.734871126730626401e+01
-6.267134763512425101e-04 -2.426817527280646439e-02 2.643038232179947822e-02 -5.739446045745714986e-03 -1.414580947754589743e-02 1.193616605135923089e-02 -2.733752656978863035e-02 1.418403595059819153e-02 5.268729575912641394e+01 3.714540500163370496e+01
3.968691192097240777e-03 -2.431594305562558359e-02 -3.033929033786562403e-03 -6.048536910443508968e-02 1.295904273789974352e-02 1.251698776993705013e-02 -1.552341574555196613e-02 2.653553555726128124e-02 5.686947973412236479e+01 2.889332352456856867e+01
-3.220853214590138625e-02 -2.093862194448914416e-02 -1.128530901404304135e-02 3.919948844486955547e-03 2.216538675985309931e-03 2.693827309088288324e-02 2.089681083897061351e-02 1.782267823518769029e-02 4.919011495787894006e+01 3.538213550375297700e+01
-4.406412969619988643e-03 2.705887979708593641e-02 -7.921982678614844162e-03 -4.321461796113721526e-02 6.829620917854428708e-02 -2.380914527855063079e-03 5.241072794105841592e-02 1.544388640145055204e-02 5.845489983438673676e+01 3.366548123714932217e+01
1.662531629453193206e-03 -1.849298861728949570e-02 2.159792404131642002e-02 1.105236681264486209e-02 2.512232266441516947e-03 3.891698852745206771e-02 -3.356462380784999006e-02 -2.274637539889434734e-02 5.638900669750038475e+01 4.266414695070189822e+01
-8.374843819865411543e-03 3.811790442995368483e-02 -4.490620143585349194e-03 2.178906279485093994e-02 -3.936754200957750388e-02 2.975750831440444888e-02 -1.886614611079493950e-02 -1.538182294240122289e-02 5.044835622858585822e+01 3.772704355545645427e+01
1.937199732174573613e-02 -1.044265228996832731e-02 6.349086386765097692e-03 -1.645312707902945107e-02 3.359053393875972848e-02 2.733425751746975177e-02 2.731119807727240556e-02 -1.819863997400400502e-02 5.425382630382138416e+01 3.994623100985695174e+01
2.338751683475548751e-03 -9.129960845654972595e-03 -4.741089548949859594e-02 4.832592766227769739e-03 -1.635852320568753626e-02 1.157403810661867573e-02 2.586600757743083220e-03 4.412172813255885173e-02 5.404266450061807348e+01 3.186308238251904257e+01
1.888864324156800181e-02 2.546790425005857929e-03 2.126018244370169591e-02 -2.745724528582634341e-02 -8.496406045121042069e-03 2.179454665032883737e-02 9.739307988721116263e-03 2.738400353067215950e-02 5.075785812145598186e+01 3.142993508758775079e+01
-2.403934690483608069e-02 2.100145305374666316e-02 -4.310387122884505595e-02 -1.213061927046310724e-02 1.337884747777880017e-02 4.331517441763488296e-02 -3.466459621218145187e-02 2.854768742922729821e-02 5.611396766492900667e+01 3.175856883245069184e+01
2.951449313979598657e-02 3.520023423499090125e-03 4.578116690704400922e-03 -2.203820500867438928e-02 3.115757849408178071e-02 -1.612839428290632413e-02 -1.113865136607001573e-02 -2.891022496171160791e-02 5.465236659001028841e+01 3.737385297916854654e+01
-2.396565686699402703e-02 -1.068094141893612820e-02 1.057192215942114565e-02 -2.854883124926017174e-02 -5.790546764102988408e-02 -4.263993009320520694e-02 5.933396801370443598e-04 1.452309958441712432e-03 4.491382448765810409e+01 2.007788019486468301e+01
-2.380798938519982158e-02 -4.620407161474852573e-03 1.215857029673305181e-02 -4.770709050225221265e-02 -1.601285432414327123e-02 -2.656137816230713048e-03 -1.220504274665628122e-02 -3.257327845382274739e-02 4.987533038728580692e+01 2.318881035463113705e+01
-1.989430480005797974e-02 1.878116431631191366e-02 4.292878362484921911e-02 9.966344121462432371e-03 -1.269480949428102544e-02 -3.034520580353266064e-02 -4.445300064794233813e-02 -2.469122551303596768e-03 5.583025080881260038e+01 3.920185866597691415e+01
-2.469238524298490028e-02 -2.291604231455835264e-02 2.305605598832538312e-03 2.405111144131198697e-02 2.053604267701629200e-03 -2.378798846472634024e-02 -1.841976703779149571e-02 1.495773259205458901e-02 5.268561592700672236e+01 3.188871246490090527e+01
-9.673875796154354431e-03 -6.343282855822085509e-02 6.169664447913415610e-03 3.503417496496021716e-02 -2.230873787182454868e-02 2.478194594397023151e-02 -2.654522301795214298e-02 -7.401319375536032780e-03 5.612295242259884986e+01 3.895703602887287076e+01
-1.172539185425966295e-02 2.702766396871673915e-02 3.481389295941531362e-03 -1.319476527554693662e-02 -3.462545497007379208e-02 -1.556866216760714565e-02 1.494776461709943459e-03 1.602873127381800045e-02 4.734249862741286563e+01 2.985204421734623281e+01
-1.053874006285542399e-03 2.932584980348639653e-02 1.316757170198773128e-02 -3.038447852149712622e-02 -9.461474604955114748e-03 -5.760521626910573151e-02 -1.854477118494362101e-02 2.808901580621759111e-02 4.925305279892459254e+01 3.169349624966300993e+01
3.490743450332976783e-02 9.582466338480765539e-03 -3.926094804372470826e-02 -3.622451648628718934e-02 -5.999900544671167568e-02 -4.963155442280804686e-02 2.739431572965879760e-02 9.727790143383213337e-03 5.534679472652803156e+01 2.130519547875124431e+01
-5.675576177431757539e-03 3.621236253395822974e-02 1.803464497659416910e-02 -5.261258622006913417e-03 1.437128637411073592e-02 2.090655606120752144e-02 -3.293867312652374278e-03 -2.923102544994015187e-02 5.274762482488464599e+01 4.021392204555048266e+01
-2.949313453123157333e-03 -7.978762709060123470e-03 -2.760679358135860115e-02 3.833642807485877074e-02 3.929505943979840280e-03 3.218061938586006584e-03 8.697015123194392185e-04 -3.180025530590518956e-03 5.299084857956791694e+01 3.918388526939529015e+01
-1.608664776273638700e-02 -1.627371352838570887e-02 -8.752738780756339279e-03 -2.036793246458204129e-02 -2.191852074666154893e-02 8.203622851650514691e-03 2.760047604480436040e-02 9.206961332445479183e-04 4.987223355136465841e+01 3.164631479429592531e+01
-2.210064150256336665e-02 2.348150681158282446e-02 -2.942407514559738924e-02 -3.223881548662412000e-02 -2.451482026235214575e-03 -8.964376849924082097e-03 -1.363851110615194040e-02 -3.164904579139128215e-03 5.411908019540302917e+01 2.610048362538897848e+01
-2.351579854984874908e-03 -4.124843289920549806e-03 -1.772238235867157688e-02 -1.668957788712847196e-02 -4.442349158915411163e-03 -2.064150548492359183e-02 -2.999735451374344747e-02 -3.804353416274457167e-02 5.261723180617621409e+01 2.760994811786880376e+01
-2.331321475555030512e-02 3.500705166875873152e-03 -6.424281844151048804e-02 1.895637268733806752e-02 7.059249834448059341e-03 -2.435463914218277334e-02 3.258306483313125335e-02 -2.737308125645771667e-02 5.416104629765683143e+01 2.935905765561146197e+01
-1.026474622773955632e-02 2.073782731155362352e-02 7.053542114065870783e-02 5.106570711216990195e-03 -2.008565999988730713e-02 -1.060936099553014440e-02 2.864805034971363434e-02 -1.588755092790543680e-02 6.027763172870443498e+01 4.127174762597569213e+01
-2.983614966035011765e-02 2.787084795732589979e-02 6.220241267678888221e-03 -2.745135435941394031e-02 2.019739900512745531e-02 -4.279172805179845898e-03 2.995981670335861116e-02 -2.651923514710467430e-02 5.053828328466099862e+01 2.908404370484690560e+01
-1.639037439031326704e-02 -9.526329319002369705e-03 2.961660654176944199e-02 -2.271330100229878440e-02 6.774928605060224519e-03 -1.349144869456211752e-02 1.598174972344548360e-03 1.754075545911588582e-02 4.939635328573151440e+01 3.012741268143325613e+01
-1.162275783221862827e-02 4.357824356331701718e-03 -2.421505370109988328e-02 1.615160474393031662e-02 -1.344806131837099177e-02 -1.841678808153025121e-02 -1.337729812929775754e-02 1.484713160259150573e-02 4.918150470674531505e+01 3.293477973675040005e+01
-6.463755748934244330e-03 -5.714736527459207162e-03 1.316191895188585474e-02 -5.052537756082983722e-02 2.140437487012653364e-02 3.062824723464434643e-02 -1.752239021865693511e-02 9.368894885405914391e-03 5.373178489559511206e+01 3.132596187268921284e+01
-7.504416200248653461e-04 7.801128771076908108e-03 -8.767944823544714366e-04 4.695469266391732316e-02 8.095997855883940719e-03 -1.787766185754363591e-03 -1.315564537131871502e-05 -2.178486451059425538e-02 5.968786254069802055e+01 4.371696311934469037e+01
1.439301507106896180e-02 1.298542440217735454e-02 -2.619206671791775298e-02 1.072432248040303474e-02 3.290370180510132636e-02 -5.193382727491563378e-03 1.887201532352600613e-03 2.072611999965676480e-02 5.526163331239951049e+01 4.133284784712957105e+01
1.805752693498499303e-02 3.498932315918799191e-02 -3.521089694779942769e-02 4.860664169844216599e-03 1.473983678491809328e-02 -1.266130894652279897e-02 -9.071502250088708807e-03 -3.383667709491224723e-02 5.597559144928142416e+01 3.416690097192784492e+01
-1.595837389986496171e-02 5.409845487571198624e-03 2.256061677039283148e-02 5.515853357307521493e-03 -2.399156970930398959e-03 5.046188943375086444e-03 -2.141551559990237039e-02 -7.721726559539646324e-03 5.302516069255892717e+01 2.926981396000579494e+01
-1.158805862762901998e-02 -1.742806847959197172e-02 3.163528648459855430e-02 -1.361328059726499111e-02 -1.835785745250130899e-02 -3.153882952607811596e-02 2.550689582434226038e-04 -9.915445327298435044e-03 4.998698560672116287e+01 3.162269079523743898e+01
-1.105061677543376329e-02 4.233881371811984429e-02 2.433454073302970116e-02 -1.610878231677488268e-02 3.090650857066216603e-02 7.167971523874000148e-03 -1.826409590313372508e-02 4.708151473033467260e-02 5.254144861046206927e+01 3.795407334443761016e+01
-1.408277212304506927e-02 1.916599930188636267e-02 -3.006064273712209453e-02 -1.139900377609641066e-02 1.659426992164648486e-03 -7.938729000313974812e-03 3.107400849141564534e-03 8.845677566108312712e-03 5.342737845739408442e+01 3.150923961256802386e+01
-1.554275628145742119e-02 -7.469414742261631240e-03 -2.612179562881394770e-03 5.985375163663416397e-03 -3.837327224065367748e-02 7.437318723607622660e-03 -4.713725302274857781e-02 2.345797988713715573e-02 4.740891142963307203e+01 3.183303372970171452e+01
-2.383168246776279364e-02 1.232062822615396895e-02 -2.087732333925232647e-03 5.802953902472685055e-02 3.171221289730193071e-02 -8.629694270318278432e-03 8.181786280160018368e-03 9.745685741952211933e-03 6.117644172124863644e+01 4.598023692303635812e+01
3.447772062722580938e-02 -1.237523436201689621e-02 2.722871568093080535e-02 2.181895862239732753e-02 -3.422097777843732119e-02 -3.326528995317482983e-03 -2.075463717826603327e-02 1.684065438359743858e-02 5.910231538499422754e+01 4.532329676526743611e+01
4.331270803834393751e-02 3.262809455926206272e-03 -2.743005756625012045e-02 -2.687742680901993985e-04 2.287995278973962987e-02 -1.697934660662592937e-02 3.637805182530837872e-02 7.223291426787179989e-03 5.780100310246920969e+01 3.877518748448714092e+01
-3.083021265173907510e-02 3.312096426943732935e-02 -1.656088487492875932e-02 -7.842679094987411352e-04 1.747564248225763270e-02 -1.216838941393157819e-02 7.438690401227032040e-03 -1.625494221218347704e-02 5.074819152083488660e+01 3.289521742319034558e+01
-4.540455522528272052e-03 1.666586265752332098e-03 -6.776298478619976161e-03 -3.279873759406322364e-02 -3.675081369632198294e-03 4.807751838389134023e-03 -2.445869212505960566e-02 2.170138305918915041e-03 5.322265031309066075e+01 2.820624933239126975e+01
2.524608415918759910e-02 1.781370905533494892e-02 2.254660897574596243e-02 4.607718633384221690e-02 1.099012841946545548e-02 -2.407604486194720936e-02 -2.293630625789746386e-02 -2.125762633406744900e-02 6.514334711611839168e+01 4.720014280312800281e+01
3.932597152492942234e-03 -1.617354019597447637e-02 -6.716717324384481602e-03 7.819161945656313492e-03 4.336625446716731169e-02 -7.890761220907175841e-03 -1.554828850253686494e-02 -4.339617454403928154e-02 5.350567197933222729e+01 4.011888396210559193e+01
1.527801850086920460e-02 2.938976874262586372e-02 1.874609468753173080e-02 -2.203156054447701420e-02 9.704279820854888952e-03 1.111472501997964706e-02 -3.274029814681366640e-02 1.879087505446437947e-02 5.162237650944570078e+01 3.363728318617512514e+01
-3.303389595622084618e-02 1.084969072850296666e-02 1.660295724435586345e-02 -2.801729768059269682e-02 -1.945901853223217653e-02 7.535396094667781187e-03 1.301261387024656635e-03 3.735385584815802129e-02 4.634386440407516261e+01 2.946903343927022334e+01
4.395381293423421265e-03 1.476829205151262633e-02 2.257851868697554124e-02 -9.866120365968802930e-03 8.462480233718762748e-03 -5.186730930402068396e-03 -2.236240303673581176e-02 -2.053437755255007463e-02 5.258268977942850597e+01 4.022479682141915447e+01
5.073730345336407294e-03 6.732802816961731308e-03 -3.424283735278638944e-03 -2.794832849344114356e-02 -9.410077786676003184e-03 -1.014285870490861177e-02 -3.811498675694210275e-02 1.523621325171294061e-02 5.229528968718081927e+01 3.081204509474628850e+01
2.601588198641069730e-02 1.896177101251230943e-02 -2.677907769421038892e-02 4.047808086292250390e-02 -1.894330697513549322e-02 4.272178447365825721e-02 8.631812626625887455e-03 9.238755884334020479e-03 5.495657395332545292e+01 4.706583339208004446e+01
6.700553064424081239e-03 -2.293535112394960024e-02 1.274004186830488819e-03 -2.422887344131663748e-02 -1.276989711090282219e-02 6.317388628442786869e-02 -1.447494267561068998e-02 2.277399234173801620e-02 5.234463281012173752e+01 3.788684440465087988e+01
3.586234280726237605e-04 1.459518723044226848e-02 5.611954173069993827e-03 -1.955995972577455615e-04 -3.148879766203798586e-02 -2.489378670833175891e-02 5.775808000342482623e-02 -3.864758225070747538e-02 4.863689091434076062e+01 3.464804245520923587e+01
2.156149697361981962e-02 -4.612022049273988705e-02 -9.728683029106590090e-04 4.570396998309184458e-03 -4.487188284644627601e-02 2.591757334658889578e-02 -5.656146470308456159e-02 -1.483454169978542722e-02 4.969756862945985887e+01 3.718632820309536413e+01
2.055034671155415646e-02 -2.957646978382232061e-02 3.992739602957153661e-02 4.644796848022640472e-03 -7.661048415180156043e-03 -2.302975798391420151e-02 -1.605873937573358903e-02 -4.471171717957753838e-02 5.786006092956060343e+01 3.731749724445595007e+01
9.427834387669383961e-03 4.108503293715311255e-02 -5.830970309274850077e-03 5.061888478377467998e-02 3.842764693016706423e-02 -3.651419824020675844e-03 -1.220009787656656935e-02 -3.748026410739795696e-03 6.221136755094180870e+01 4.779267181703632161e+01
1.933588521010340400e-02 2.301059607796237041e-02 -3.355065486560607213e-02 -3.089985965123264247e-02 -8.246076789661999822e-04 -2.595532525919919814e-02 3.395634081529079473e-02 1.184354045960454675e-02 5.705714562964266179e+01 2.633968285579708635e+01
2.006286072671718129e-02 -1.347174574724935119e-02 -3.322082834190402678e-02 1.440213408574132596e-02 -1.571689773670774610e-03 -2.530115364832497687e-02 1.151982165137881327e-02 1.369633008429598474e-02 5.316255596095102476e+01 3.271479674568587370e+01
5.603038665058673352e-03 -2.372697896761884889e-02 -4.895932817244745376e-03 -4.922048395727288139e-02 -1.061392280795887474e-02 -3.620550303974677531e-02 -2.603427413568977153e-02 3.550626629531861145e-02 5.382631600492597101e+01 2.362679702628030398e+01
-1.360997228282063466e-04 2.415120045684954544e-02 3.957946515594425174e-02 5.016206557739716354e-02 3.455351779947875984e-02 4.463903188731827704e-02 3.117160130161786974e-02 3.960443631633495110e-02 6.949520307123378871e+01 5.546177552745747619e+01
-8.093944897151329407e-03 -3.159817087165816413e-02 -1.073417546442330568e-02 -1.373512400326715871e-02 -1.225139174124307770e-02 -7.266650040654745561e-03 -3.893773908637297720e-02 1.580267983007803629e-03 5.094379829615606070e+01 3.155053286646577959e+01
1.915612993010443535e-02 3.431691079284242968e-02 1.709884346701720861e-02 2.193362326811777382e-02 -2.968806408102070415e-03 -5.478237378649625927e-02 9.563299174190423302e-04 -9.179202634938146352e-03 5.748896503032426608e+01 4.060632576625778967e+01
1.080681504690229932e-03 -9.006028375845803388e-03 2.051366815273841446e-02 1.957723918938917076e-02 -1.262873877490647972e-02 -1.841542481220366165e-02 -3.586372696152623912e-02 2.122755828646922822e-03 5.591249659437853126e+01 3.973580898603000833e+01
2.914325623134221555e-02 -1.884173519932020799e-02 2.284242761659962054e-02 -5.889483107304133852e-02 -3.078421214198566111e-02 2.973391056299576340e-02 -1.744830568806088333e-02 2.543553124192626715e-03 5.264683165419505428e+01 3.588913051305001289e+01
1.461879055970912063e-02 -1.694301657647375933e-02 -4.507010040114500793e-02 -1.790240879632624266e-02 -1.681826618940324494e-02 2.281931634008420307e-02 -2.616674069279091575e-02 4.180302227103013107e-02 5.701601610126994046e+01 3.193108345202786325e+01
3.860945128788119407e-02 1.504286552956368532e-02 -5.338130787562757155e-03 7.668418190411517045e-03 -3.530198810281583860e-02 6.695819084365920056e-03 -9.591818187930692061e-03 -2.566113463719403923e-02 5.135880125329919110e+01 4.038062392447680793e+01
-3.003502214782286656e-02 1.218129757268931850e-02 -2.496724393649351822e-02 -9.714632105192844841e-03 8.402950787074002503e-03 1.559905341652411195e-02 -3.883235771778031920e-02 -1.258905996737200855e-02 5.255782632191348114e+01 3.192702044706036801e+01
-2.872038444291484527e-02 3.951334332525963111e-02 -1.805699627664790821e-02 7.111842915056354637e-03 -3.584811411942812141e-03 -2.687372669158188954e-02 2.060399345880028349e-02 6.502274468804775109e-03 4.863093628029393756e+01 3.180710828488086150e+01
-3.775888738512619362e-03 -3.746837742779197261e-02 -7.759814254960049028e-03 2.443960924523097891e-02 7.293069274956880945e-04 -7.219062491741823524e-03 -2.392239335808244577e-02 6.441464452537863650e-02 5.335129049736979567e+01 3.667952578816709774e+01
-1.984294222436758931e-02 1.903471247608302247e-02 -7.506566349918178740e-03 1.000763467409467034e-02 3.822176512578852239e-03 4.705231913373157659e-02 3.628438169607130226e-02 -2.084086339523785053e-02 5.040607842195262123e+01 4.139093091947301417e+01
-1.796237535141154921e-03 1.259628348662387987e-02 5.955610842032264081e-04 3.446085560069172410e-02 -3.770278992115343869e-02 -1.636102695092087750e-02 1.483633379862493024e-02 -9.502308488897768732e-03 5.375177386764866583e+01 3.646658385772441591e+01
-5.316347129506866082e-02 8.958094935797515646e-03 -7.259503502156247623e-03 4.003661542878166058e-02 8.023901757088891529e-03 -4.034846989200068998e-03 -3.916932123694630632e-03 4.651430642498501251e-03 5.304433685456724135e+01 3.474823788874321195e+01
-2.152190880398199141e-02 -4.591399900738926676e-02 -1.777001254131226754e-02 -2.178654568600997196e-02 -3.889007664041116419e-02 -7.599431712764902203e-02 -5.177116253852284689e-02 -3.249247300330927735e-02 4.858118967649692621e+01 1.707805750229919894e+01
-1.489513108064847470e-02 -5.794957954859058895e-03 2.289354498345398323e-02 -3.450196194620924750e-02 8.693519117750639347e-03 -8.802735537376787933e-03 -1.993829959065396024e-03 -5.257498860695301868e-02 4.938197037437678460e+01 2.681705015285002247e+01
2.125193943669121191e-02 -8.394335801128241167e-03 -3.052440889328054616e-02 -1.392386652312403543e-02 -1.085698732529621208e-02 -4.878029261996219557e-02 1.069788169979747844e-03 -1.032990822965069262e-03 5.466396779393867433e+01 2.872269180233567809e+01
-1.035022112676075440e-02 -2.618679039476239437e-02 -4.626755223044766441e-02 2.212750752470335133e-02 -1.385653846974161524e-02 3.505485270911126716e-02 7.020332976912003337e-03 4.593607751020111103e-03 5.228490053277426597e+01 3.798712401986455944e+01
-6.942064874505671397e-03 -8.572836032434736448e-04 3.413853577592710752e-03 -1.273993112965340034e-02 -2.500013274102204364e-02 6.466598070611305482e-02 -2.858250609911269779e-02 1.259346390451955219e-02 4.952744614729087402e+01 3.927779696989298230e+01
2.129909629035709254e-02 -3.746562247729613715e-02 5.215065403078412293e-03 7.857930770212694788e-03 -3.392341552107857455e-02 1.101349659475127883e-02 -2.795856884447013579e-02 1.627689499596952569e-02 5.201374413185828161e+01 3.917920118292173015e+01
4.027399172496596950e-03 -7.707140886471217957e-03 -5.771520843042075161e-02 -2.180559361821837391e-02 -4.663981327071947637e-04 -2.962079147552195910e-02 3.768449338097144830e-02 2.457031330077569242e-02 5.846480023154227013e+01 2.661818163527744829e+01
8.926324895675937302e-03 -3.836487427992743560e-02 -1.697831949166065529e-02 5.608896317352804993e-03 -5.605429480100684349e-03 1.781262255710571243e-02 2.128897255236659319e-02 -7.052401933228679039e-03 5.205544736144477014e+01 3.888346501313883863e+01
-1.081299341564293534e-03 -4.023525136286502935e-02 -3.749991120959771107e-03 4.066734060011742424e-02 -8.627126487050164674e-03 -2.251403826068960196e-02 1.359951268222673280e-02 2.267370291355125245e-02 5.645062899711537341e+01 3.648823380490851065e+01
2.939257702687322199e-02 -2.638276610991615798e-02 1.636152604761689430e-02 -2.905469938607669386e-03 -2.444452905687593755e-02 3.859125706807472328e-02 -1.269836835254913509e-03 -2.840071474443313371e-02 5.315131528421461127e+01 3.848527012534357539e+01
-1.412377912860859723e-02 4.999858710765522213e-02 -2.720830929335197115e-02 -2.955395577333427143e-03 1.512731563906914017e-02 6.023752019838769789e-02 -2.604430144173648307e-02 6.567765854764100186e-02 5.444398201189036257e+01 4.107820330985379087e+01
2.889707959631401812e-02 -3.568638929802833704e-02 -2.157677524428826266e-02 -2.019043268999957258e-02 -1.527671972199855233e-02 9.542136670837083473e-03 -2.110971432632093719e-02 1.098242683277284373e-02 5.555886114941949927e+01 2.895438591606673384e+01
1.519768227488287916e-02 2.236286045386422575e-02 1.233477794076769151e-03 8.783200169515935699e-03 -6.282565382438285405e-03 -5.642918684100342586e-02 -2.529585367632510365e-02 -4.466355142540834149e-03 5.163190994534010514e+01 3.581367022996828098e+01
2.227528962365365323e-02 -3.453902160996599746e-03 3.479918908867857090e-03 -1.145354213032786020e-02 -8.271484799853808575e-04 -5.930401383716124922e-03 2.487666415644419846e-03 1.344064292597024757e-02 5.207238092357874137e+01 4.040906242784755875e+01
9.460207356346235497e-03 -2.427747423910882330e-02 -9.452794111310208703e-04 9.847240856028104464e-03 -1.470138557090525273e-02 2.987024893274744727e-02 9.551559250766478160e-03 2.366780475227849706e-02 5.169053372044493244e+01 4.062763161244473764e+01
4.792596816344945471e-02 -1.471033983329660989e-02 3.401607591991803736e-02 -1.472811023387571479e-02 1.583090306612627840e-02 4.374784012552285911e-02 2.903706283188553852e-02 1.448032684814181022e-02 5.838947045469655706e+01 4.674162371344203137e+01
-6.956045515398924170e-03 1.409915859825544571e-02 4.927665304574441185e-02 2.569684298172583703e-02 -6.850905568716396908e-03 -2.132447174432822168e-02 -3.974554780650109420e-02 7.082349442715647758e-02 6.174432317833671391e+01 4.457340674671074510e+01
1.666473197077575526e-03 1.517798742833231102e-02 6.375395003327592736e-02 -3.106501303998570121e-02 -3.127512182240000521e-02 -1.925506644314292290e-02 -1.526673801930670919e-02 1.618435268835225274e-02 5.186100750261260117e+01 2.877637124774105359e+01
2.864204899374704974e-02 1.264346490125107733e-02 2.301202797686670645e-02 -7.571876141748691785e-05 -8.800977171597859638e-02 2.134382316979880831e-02 -1.325806984648817723e-02 1.095290881875822346e-02 5.063486131873285956e+01 3.688752354793867028e+01
1.828784912237908789e-02 3.123761339940326134e-02 -1.293744928228467150e-02 -3.732966641694228371e-02 -4.111732189068900939e-04 -5.057135322542169464e-02 6.938225837774333752e-04 -3.592789405142798181e-02 5.503463305008234130e+01 3.098817176852502087e+01
1.745377927471390353e-02 -3.023539190603261040e-02 -1.010394955985019841e-02 4.606520949014884792e-02 2.215399633595574458e-02 4.206299983177984314e-02 -1.699668881403735773e-02 1.897479371834536604e-02 6.090641666418521538e+01 4.684381446650699132e+01
-9.571602587153839672e-03 9.202130851675616521e-03 2.153072585104772937e-02 -4.846124809945515088e-02 -7.365712497228247245e-03 -3.344778700243632857e-02 4.079024609350286046e-02 -3.126397537951165762e-02 4.955363160263108568e+01 2.701973587203510618e+01
4.575720356556770355e-03 1.941478107268223424e-02 4.674168855668078132e-02 1.480172293220826003e-02 3.460438159861918116e-03 2.881118728998792802e-02 -2.207423152110188358e-02 1.523523026054193459e-03 6.191571065757668180e+01 4.584604967933599085e+01
-2.386560887287643429e-02 -1.570449735960680005e-03 9.583910942912936270e-03 3.152640771462485864e-02 -1.618885485565634691e-02 1.924899030451273849e-02 -3.244631572606802156e-02 3.327071723245904594e-03 5.520044857521922665e+01 3.910686665485844316e+01
-1.443982846546119046e-02 -2.602415576717722820e-02 -9.032368205286201920e-03 -1.122018763205491834e-02 5.520838781364243407e-04 -2.837169927545697343e-02 -3.668880886196496799e-02 2.982922573913997580e-02 5.022837944362607487e+01 2.563257661846034452e+01
4.101311841105568720e-03 -1.050553649603258068e-02 1.404539647819631233e-02 -3.636348473225215622e-02 -2.574510054261406125e-02 3.430332648804282347e-03 6.056121926705486033e-03 -1.151156082488775413e-02 5.012491452760396271e+01 2.932908868058523311e+01
1.278955320157226707e-03 2.474468868493370430e-02 2.788065020269255706e-02 2.697545811820581223e-03 3.908990001132798056e-03 -2.930779185395817818e-02 3.769568252216433379e-02 -1.204231082254509505e-02 5.473137955173769598e+01 3.421036475113163533e+01
-4.201274698697411714e-02 -2.542739791035086849e-02 2.249800001802247998e-02 -1.534075351241838414e-02 7.258421158226806801e-03 -4.140180352457938084e-02 9.903497056256510556e-03 3.281748119611965081e-02 4.730920357431111967e+01 2.829041667005845184e+01
-1.208274927974599053e-02 -1.993163307058314765e-02 -6.275892864151138596e-03 -1.295876052204479600e-02 1.919845803096343131e-02 -1.914452287704471872e-02 5.639870270340353875e-02 -1.645076796829537599e-02 5.192489560057094167e+01 3.364484977146825884e+01
7.897586295255547284e-03 -3.187005900353513665e-02 -2.939453084070981284e-02 2.690449908381168515e-02 4.314189902129520610e-02 3.373094255989459583e-02 1.314417259236522889e-02 3.377456954477158629e-02 5.503518606525588552e+01 4.092517889396354036e+01
1.021414147765513543e-02 -1.747577706745112591e-02 3.376027939747422435e-02 1.376775373627810335e-02 -7.112785284129083917e-03 3.063577405987214994e-02 1.869915376002327309e-02 -2.238586577229476765e-02 5.904903329600871587e+01 4.595176852704479131e+01
5.750850700299504209e-03 9.702438167177413267e-03 2.177343298574101541e-02 -1.071818410297773090e-02 8.552649664955534053e-03 3.365027244803473622e-02 5.429606165889617163e-03 4.241669233937872541e-03 5.307074053573999350e+01 3.988929444332325858e+01
4.283247469877914104e-02 -6.106289945571548132e-03 5.854809363559105445e-03 -9.321549462956723459e-03 3.489016265307724740e-02 2.653982840672084939e-02 -3.991414116868773065e-02 2.956576630265676103e-02 5.593427351827957494e+01 4.326886702402408957e+01
-3.303495391795095021e-02 -2.003803984309331446e-02 -6.083981934565241625e-03 -1.365961562006420306e-02 4.140651741506446576e-02 -1.221817254756991412e-02 5.558115062988991384e-03 4.025352498175898547e-02 5.193093425836102028e+01 3.305934235521311138e+01
-2.603642990610990221e-02 -1.249878480626206046e-04 -2.316188437639831593e-02 1.936266058300865553e-02 3.636765252168511209e-02 -2.174972956495134502e-02 -1.290083206527375612e-02 -3.252157824921007856e-02 5.124180118699661790e+01 3.480038274352131111e+01
-9.820717907257961107e-03 -2.488820493937534198e-02 2.675245855028007477e-02 -6.215324211809558977e-03 -5.369350007469930741e-02 3.201670548531207472e-02 2.191284089306567290e-02 -4.329394581896942734e-02 4.875721438714667499e+01 4.031398045711820544e+01
1.279141026066322497e-02 -8.593128513256394208e-04 2.519337536306947168e-03 -4.586499795730183092e-03 -2.667043328687845535e-02 2.455296676975032497e-02 -1.968255080927690248e-03 -3.305059786373113601e-04 4.927634436133602236e+01 3.820013383034952170e+01
-2.562027637335586357e-03 1.840983224720760258e-02 9.802975873752270419e-03 -8.139269227962560305e-02 -4.805562802044507226e-02 -4.803764671478265302e-02 4.126350871009785114e-03 -3.778893449589290025e-03 5.137866876227650437e+01 1.405150462361874730e+01
2.910676511914937412e-02 2.044236600582339386e-02 -3.359839618301539710e-02 -2.022665929427549126e-03 -6.457693563675303942e-03 3.007662943785651116e-03 4.050835092441437343e-03 2.617126476058754744e-02 5.614747442849619574e+01 3.510588252335118398e+01
-1.454279397021125686e-02 1.094723015326515584e-03 -7.386422366540937312e-02 6.682999799907274330e-03 -4.074275619528821071e-03 3.348776591493410164e-03 -4.860109701266891041e-02 2.616079983253477917e-02 5.671956524252718168e+01 2.537387444981232676e+01
7.876917598790581995e-03 2.756232421751830461e-02 3.181141711796169752e-02 3.591084665777814766e-02 1.595096558066970427e-02 -6.572030525174020997e-03 1.090565011415806432e-02 -2.899877503047255251e-02 6.403839691278605528e+01 4.776978311601191507e+01
-8.262009184736931328e-03 1.450542346300606397e-02 -1.770130168472841201e-02 2.427327956232695066e-02 1.122699618841102587e-02 -2.206757592391008285e-02 -6.936035307398022952e-03 3.692822207376362728e-03 5.159845109537568675e+01 3.586658603887228480e+01
-4.603348787080313413e-03 -1.103694554871106036e-02 -2.966837572500390791e-02 2.362653212347887860e-02 2.911474790514391453e-02 -2.045718867789289228e-02 4.117297407152987337e-03 -1.464132273456087915e-02 5.278891621598069150e+01 3.849783982720588682e+01
1.901035461346592403e-02 2.806301277373646555e-02 5.566446045966762235e-02 -3.369726817856142503e-02 3.384992203225385687e-02 -5.827942180495842249e-03 -8.257700774589859030e-03 2.133254643455863991e-02 5.611673600965021791e+01 3.894584478037402420e+01
-3.176490623660888080e-02 8.650735286648203112e-03 -4.022573590503722082e-03 2.564586044610816552e-03 -4.396474717936337700e-04 -4.305795595051577218e-02 -3.615549905798703251e-02 -3.030653611329030619e-02 4.728730089332129438e+01 2.532625373195401153e+01
1.206380056007616899e-02 2.549535889705501629e-02 -2.580629700442840964e-03 5.857645808934093534e-02 -2.723927332607860210e-03 -1.560323742696597717e-02 3.201681413179156832e-02 1.513354986313844748e-02 6.153844115483999389e+01 3.961835142296177992e+01
-7.091003241867931302e-03 6.372865717840044478e-03 1.593859419155747859e-02 -6.732735018597967025e-03 -2.665853049581108636e-02 2.696996505965839827e-02 1.831118588746226059e-02 -3.497773111028217724e-02 4.916106492178993648e+01 3.845440240678716748e+01
-1.911009228207316297e-03 -1.344013535956626280e-02 2.032775642805109608e-03 4.986531399694882002e-03 4.854082431490958083e-02 -7.490346021616914145e-03 -7.372724490932492346e-03 1.175011956631632354e-02 5.425584921358230872e+01 3.961280107450910037e+01
6.036064579167350203e-03 1.559508183147322903e-02 1.766333541931719431e-02 -1.009174916116181361e-02 7.947270019882044997e-03 1.619648863594736268e-02 -3.677804767831262950e-02 5.269213857658510206e-03 5.226152233354439147e+01 3.775941810211927674e+01
-1.661354452597414494e-03 -1.037094134587253531e-02 2.259998204441038619e-02 -2.329742927025724858e-02 4.621707937670483518e-02 1.088512608099375181e-02 5.074892368990532171e-02 -3.887071282137246481e-02 5.258164382631336764e+01 3.803952537567580805e+01
2.297673644810264981e-02 2.353066023134089274e-02 -1.323712613058022555e-02 -1.615791252038508005e-03 2.451744459520788927e-02 4.354460759191283725e-02 -1.000308335808135739e-02 4.215318850570088337e-03 5.572655351895469522e+01 4.523619192190128047e+01
-1.110205045707258337e-02 -2.920127546674585947e-02 -3.520225031905103302e-02 -2.480938414210922746e-02 8.571168352564830298e-03 -1.957955149744332324e-02 -1.938141637143365320e-02 3.530196553765788114e-02 5.536379838772652562e+01 2.409016703154388850e+01
3.444193432503120031e-03 6.895414383817577431e-03 1.818759176904125550e-03 -6.589389444829903131e-03 2.280732517823926692e-03 2.539384040739744997e-02 1.544833569051420712e-02 5.116008123010266483e-04 5.077583498403910767e+01 3.883607284108431656e+01
-1.725188117700849136e-02 -7.698225782495150653e-03 2.389845951953688263e-02 -2.035214499691037626e-02 -1.968803883421283568e-02 9.915774946482788441e-03 2.573559103669034731e-02 -3.046266753006617381e-02 4.724074769690093234e+01 3.129297247008484817e+01
3.408715416743923754e-03 -2.619874170047080918e-03 -8.759495405368191226e-03 -2.864646923954089659e-03 -8.834160559370928673e-03 1.628641393074069590e-02 4.052737575096077710e-02 1.048684511701959698e-02 5.111648359380281192e+01 3.946378974582484034e+01
1.496476020762104592e-02 1.535244583900911321e-02 -8.248814485980176386e-03 -1.138944471864688016e-02 2.399013740439149070e-02 1.669087321911799995e-02 2.550044657762028447e-02 3.050761467736018070e-02 5.496675786308085065e+01 3.602901652454670511e+01
1.427467936094651245e-02 1.578873279142660110e-02 1.374231050891651894e-02 -3.304650527886093814e-02 3.421729769446539993e-03 -9.461574684334422836e-03 -1.828160752249797724e-02 -1.463830240229049276e-03 5.201836113150041996e+01 3.206776160205629367e+01
-2.633869220704184930e-02 1.294562069134663762e-02 -2.902089421779985301e-02 -3.321212718416694226e-03 9.994116610001615997e-03 3.070589068413729153e-02 -1.811338484119712905e-02 1.154005692910667520e-02 5.315336406875248798e+01 3.346971124186259061e+01
-3.777881846973644986e-02 -1.618232514342524825e-02 1.783458560135029857e-03 -1.068013550986876038e-02 -1.408394675373202988e-02 -3.789497408529137606e-02 -6.695844745728349312e-02 -1.486619237269669672e-02 4.630446405236473595e+01 2.426254120768689759e+01
5.291947106704139592e-02 -7.467259336901978239e-02 -1.788315554019558398e-02 -6.797328643386149963e-03 -2.679961772600888970e-02 -2.529446997352072929e-02 -1.047630121953460267e-02 1.513672953228912665e-03 5.428992071269067310e+01 3.456458272560627876e+01
-5.826599267639131358e-03 1.107002754197633975e-03 5.653778976032555921e-03 1.002936344834901884e-02 -1.688363797548887019e-02 4.357677960306440001e-02 -1.284691214768524277e-02 1.360181075735649933e-02 5.231827748696646552e+01 3.846090927085404587e+01
1.515151369894042000e-03 -5.404794672903559354e-03 1.241445503445708955e-02 -3.260435466032850227e-02 -2.782389461389136662e-02 -4.896162259566596425e-02 2.421398138706183645e-02 -2.205531678470139950e-02 4.838636152173855010e+01 2.276152800502696394e+01
2.310363150679844643e-02 2.803525679285157057e-03 4.213474309679594507e-03 7.488362050248578011e-03 -2.158900035736965525e-02 -2.672788200563678412e-02 4.020428964883488582e-03 7.240361520281222464e-03 5.178075902765641558e+01 3.431308080509513303e+01
2.328172428713322709e-02 1.128342887520096191e-02 -2.381925611507755905e-02 1.559190467574308320e-02 9.100538645288411277e-03 6.015394233345490796e-03 4.447635733680755168e-03 1.939719734006281268e-02 5.396920004865824438e+01 3.771507084104424479e+01
-5.143731262490690292e-02 2.137907903440618151e-02 5.201907846275682749e-03 -1.779654536513012100e-02 1.457884171215880105e-02 -9.592504996316777305e-03 1.961560397519108989e-02 1.591731171034155290e-02 4.803191259870850160e+01 2.283416156196457791e+01
1.616937384294815302e-02 1.474580892056782944e-02 4.887818694991964003e-02 -7.175952306251846997e-03 -4.581147954443259146e-02 1.103008103094871989e-03 4.652905167387924416e-03 -8.248583273063025620e-03 5.488897687224330468e+01 3.867020531429569985e+01
5.091294671713327870e-03 -1.360543871526229825e-02 1.654243383269915491e-02 4.388325766220525607e-03 -3.128183648354494056e-02 -1.140027848048460676e-02 -1.815721124962208638e-02 3.468791269673313776e-02 5.123114534975595546e+01 3.503103824453875603e+01
3.873327068535427093e-03 2.112139650049732129e-02 1.266657995713202887e-02 3.349599887552105748e-02 4.801443062931518013e-02 1.968196185285206803e-02 7.924130030841584210e-03 -3.077614734672553046e-02 6.272370774448053510e+01 4.960776501879026057e+01
-1.986956155557467740e-02 -1.152685624945861374e-02 2.617730736770049194e-02 4.834830146572273446e-03 -9.735915348512215114e-03 -4.884779547873721595e-02 -1.318395963762428701e-02 -1.668868969835293412e-02 5.219667555231480094e+01 3.425197075611478681e+01
1.547080170999909875e-02 2.486731108592343115e-02 3.574407379856626120e-03 -6.963079881859845187e-03 2.379987629188825074e-02 -8.254424256946286953e-03 5.891162269858212647e-02 2.848861972436260437e-02 5.313177529050978620e+01 3.942354334167355745e+01
1.462462036266205627e-02 9.524703496340016645e-03 -1.350204988113290136e-02 -6.733869587613579288e-03 -2.447301737311800840e-02 -8.128075396027192173e-03 5.091683366949622223e-03 2.660205058806319311e-03 5.142203807832880358e+01 3.287014087653012950e+01
1.632286418957616149e-03 2.253150768188162158e-03 4.059355406480676109e-02 -2.895777355142083523e-02 5.300519325851352909e-03 2.394526270997696105e-02 -1.520338289234915950e-02 -4.009188863128163027e-02 5.159145877913450562e+01 3.603642127219583102e+01
2.093519373764473820e-02 -2.346932433114074651e-02 1.717247442743342553e-02 -3.931050804796692999e-02 8.414199519691009221e-04 1.928183746507991167e-02 2.757278899787058909e-02 1.951787045253947431e-02 5.280726067327094597e+01 3.021385853525155341e+01
-4.678512656615071465e-03 1.666578809134211872e-02 -3.890896144109496496e-02 -2.224164579841151484e-02 2.757792792524712058e-02 3.859978313704449915e-04 -5.916321188649494023e-03 1.248222566874076199e-02 5.798255875950408011e+01 3.094887092621872426e+01
-3.873637032186147411e-02 -2.643098844502360378e-02 -1.929246506813566547e-02 -2.417311739093893838e-02 -5.202864675807183231e-02 2.572300174159089080e-03 1.651805097470503136e-02 2.295340517396670527e-02 4.777252253734425835e+01 2.408597271520731553e+01
-1.295288330482690167e-02 -4.537328699909286972e-03 2.880715227917643104e-02 -9.537113890377585737e-03 -2.630399475105763604e-03 -3.991755292921460134e-03 -4.913931990122893251e-03 1.379732135939236784e-02 5.179981376269441284e+01 3.497603876865535710e+01
-1.226613039125048522e-02 6.264862062172098581e-03 -2.246956017013996589e-03 -4.966110403737318546e-02 3.119457229641450433e-02 -2.491618805331259970e-02 1.242705225714689152e-02 3.583701658942008844e-02 5.541220234907487452e+01 2.505646959108495508e+01
3.336611469473758917e-02 -1.723375735289628743e-02 -3.738992627094784530e-03 -2.904003329969966074e-02 2.783289003088683378e-02 -1.251003123378243266e-03 -5.101362608449057541e-03 -8.780215447464663481e-03 5.726583750054354738e+01 3.429521740520265638e+01
-7.509401665144333458e-03 9.369163765573728340e-04 5.751248626629135857e-02 3.408843236040328545e-02 -2.014386316739917235e-02 1.929373579393503513e-03 -4.209997087088026418e-02 3.458292395975517963e-02 6.401163035590735717e+01 4.405607882842569722e+01
7.527511434060939199e-02 5.097911674852810895e-03 -4.591426534868051079e-02 5.195164730218516241e-03 -3.671421664392220813e-02 -2.761479466762201823e-02 -1.353513636323784054e-02 -1.561810332743833810e-02 5.738514843847822533e+01 3.580402082920787876e+01
1.024285192055538786e-02 3.716707670329518626e-02 2.282086405337863458e-02 -4.444607739864373658e-02 2.459900434096717187e-02 -4.938519750045532349e-03 -2.620155122849954915e-02 1.944453220217635600e-02 5.302300151323590427e+01 2.797261111255059163e+01
1.977642711520655877e-02 1.196349753540434067e-02 3.748959235086536668e-03 1.798437671847131353e-02 -4.586434184978877698e-02 -4.535997138947843454e-02 1.439853894393140418e-02 -5.403783752146430058e-02 5.181769389244462332e+01 3.197097198608325641e+01
1.045190057382985394e-03 4.295022430295554472e-02 -4.502092732152665477e-02 1.078808707788106794e-02 -1.443871244852345213e-02 -2.621066135608286340e-03 1.301077566250429494e-02 -1.124258520881475914e-03 5.343752497784521438e+01 2.878242142911212653e+01
2.884090680955909980e-02 -1.903802160898567311e-02 2.309950449504186154e-02 3.556131585080259810e-02 -1.496378860139675054e-02 2.474819870441938643e-02 4.864306346829954178e-03 5.853964920727049853e-03 6.250745031372176896e+01 4.753693429292951578e+01
1.716144541957389039e-02 2.528090140579208542e-02 -2.846024894274747086e-02 1.454888116808213377e-03 -2.711116322870651268e-02 -2.273816000739544221e-02 1.268640082281191975e-02 2.218348443950070997e-02 5.197623113274476481e+01 3.131383223757721623e+01
-7.186603527972719105e-03 2.558043171131741886e-02 1.222030213971055101e-02 -2.218241635075107743e-02 -6.246837496678077882e-03 -2.408029975558624233e-03 -1.172339143060253854e-03 -9.639668477925925072e-03 4.892789549660735560e+01 3.549145683492015735e+01
3.685913726580701717e-03 -9.395827582807866896e-03 -1.136075706391301114e-02 1.534369240562674652e-02 5.047432162023806484e-02 2.558708337116178191e-02 2.494760316767554928e-02 -2.888858196284643104e-02 5.555419542699517166e+01 4.628975359951017055e+01
-1.402198329838815274e-02 -4.056477602251716552e-03 -1.612325954270114187e-02 -7.296770216231233605e-03 -8.343422638835615995e-03 -2.247074346932031313e-02 -2.391817819758801367e-02 8.108614526879463769e-03 5.046696436069310465e+01 2.996363004618939030e+01
-3.670382860224008503e-02 4.620485120063626966e-02 8.880083029423469290e-03 2.706010005722910700e-02 -4.896798521667335147e-03 -3.855358751229318731e-02 1.347156278633368509e-02 4.636329210886367194e-03 5.312551790544542740e+01 3.465124791051677278e+01
9.029388272829943704e-03 -1.505875826440669640e-02 2.667355364509724908e-02 2.200883067458862460e-02 1.567507501565791606e-02 2.649240742484053335e-02 -1.005015003333987978e-03 2.922999236239646331e-02 6.045733997963338169e+01 4.558787825423126350e+01
7.033039032088023688e-03 -8.904508754387505803e-03 1.430898794824530043e-02 4.911168662029783555e-02 -3.637288698022831182e-03 3.021546021845930574e-02 -2.506788420638927581e-02 -1.107039358253777278e-02 6.274022200707106123e+01 4.702799644717880057e+01
4.399612676351114665e-02 3.385426431806676933e-02 1.525870038316274289e-02 1.960267466974031231e-02 2.335673664385636006e-02 -3.753404695236318978e-02 4.318228092027155685e-02 -4.959561843704576173e-02 6.082184619984708007e+01 4.290438176793677627e+01
-3.068051074104048356e-02 2.597717414762195764e-03 -7.573157728492275684e-03 -1.653771027606102187e-02 3.599332792802935332e-02 1.184413084769562856e-02 2.417140455619807768e-02 -2.228319087540372393e-03 5.239784554218746138e+01 3.285622730502957722e+01
-1.618204803355067709e-02 8.374650071581613009e-03 2.673011028945159254e-02 -2.229053330159793539e-03 1.632935485385848470e-02 -4.272894762849862443e-02 -2.160700515144312397e-02 -4.506817323119948209e-04 5.297753194012169331e+01 3.139005029396352953e+01
-3.844829587152637923e-02 1.734265322703249651e-02 -2.035846416118824651e-02 2.944525001953219798e-02 -3.621289607184512930e-03 -1.572199434736354373e-02 -5.144362626864364130e-02 -3.612348555331670180e-02 4.917984216810401676e+01 3.139430724706648590e+01
4.746468654812891624e-02 2.655709820660088691e-02 1.828714139848972367e-02 -1.118422935498159486e-02 2.211037866170116259e-02 5.123469292795374691e-02 -4.593650613667664764e-03 7.210302211669034761e-03 5.661040200578091941e+01 4.544234395555442774e+01
1.765263259869765669e-03 2.175310930304150472e-02 -9.377786265838662649e-03 -4.366835644679102971e-03 -2.609496143610550573e-02 3.335738353883509286e-03 2.277181619648988367e-02 -2.116211334156448479e-02 4.998585891738413522e+01 3.351036746113952347e+01
-5.087161147651099447e-03 -1.775304590789206563e-02 -1.426103975245930459e-02 9.295946052517487998e-03 -1.189933331319190275e-02 4.706773076439801570e-03 -4.300379899202146083e-02 -5.804542173730414811e-03 4.980355101627316117e+01 3.794829551790541444e+01
3.118066418359284261e-02 1.628687495941483904e-02 4.750686008367039498e-02 -2.857309343456387526e-02 2.026876442404415904e-02 1.200507194170196724e-02 1.630444712308345978e-03 -1.179806048010324619e-02 5.607961665087089642e+01 4.574580992417000402e+01
-1.885678627360681467e-02 -4.986974593778824641e-03 1.377924964805710140e-02 9.025012717420016414e-03 1.734860236559672766e-02 -2.815610903188589184e-02 -1.488996859318366187e-02 -1.340271943986318971e-02 5.295448268581743889e+01 3.570547549511207563e+01
-3.222930191714735298e-02 -2.242192860469894612e-03 4.653928784002765023e-02 -1.461383983777006219e-04 1.282043365834421855e-03 -4.976194789445608641e-02 -6.888477279221483663e-04 -3.236479918064101569e-02 5.463575529916688112e+01 3.204884692691792480e+01
-2.522621354558678142e-02 2.869334153039344512e-02 1.117403681866557807e-02 -8.708797546821991226e-03 -5.243427042504809205e-02 1.275708284483677117e-02 -3.991591009908337234e-03 -4.116780102318606110e-02 4.495601778457699282e+01 3.366992681119288022e+01
-3.127997322035026839e-02 3.464773163593382749e-02 -9.619205993929118292e-03 4.661319970116948827e-04 -5.872017486346581489e-04 -3.546988892345861316e-02 -2.996520842564984882e-02 3.814842326973449937e-02 4.809741973421343886e+01 2.870921577002344449e+01
2.212938985670454689e-02 -2.177325811660729693e-02 -5.625883817273936820e-03 -1.680077342436755994e-02 3.358919123393944856e-02 -1.722615545832267836e-02 2.335191651053603740e-02 -9.384646962471180839e-03 5.529287236311829901e+01 3.671993016714216651e+01
1.462177223233496366e-02 5.983186562984088748e-03 2.104461359037809644e-03 -2.153549511002133664e-03 5.376177415511532165e-02 -7.146499207219375561e-05 1.895770622576926565e-02 -4.170493836831293266e-02 5.475169141270705353e+01 4.429848930530781104e+01
-1.229108335708041511e-02 -1.228813055315973197e-03 3.117300135574247594e-02 1.406002546317979517e-02 -2.173084549246890110e-02 8.617729530068481483e-03 -5.618306135726267719e-02 -1.690667395055187039e-02 5.512011100896867077e+01 3.615622564057128585e+01
-3.169097395118992966e-02 4.487050299952801552e-02 -1.497733063690850387e-02 1.611507364848707713e-02 2.331754884779565704e-02 -4.056141668624333070e-03 1.309882423422672505e-02 2.728657885207809788e-02 5.015972311716692644e+01 3.741676115904125766e+01
1.051804736891668625e-02 1.054740112736331052e-02 6.187924543618494866e-03 -8.079456568572649516e-03 3.790674649477944469e-02 1.089645616158648779e-02 1.301220635678686233e-02 -2.882679499761297420e-02 5.365532952689099488e+01 4.097266490334451561e+01
-2.829654656144227625e-04 -1.195911871707707255e-02 -2.677016131391849255e-02 -4.210026115857319617e-02 3.079122068851475671e-02 5.600683618753150676e-03 1.003119672547375663e-02 4.184187312722061070e-02 5.883947764675419023e+01 3.275779744777202040e+01
7.077067558286907409e-03 -1.192392076844605436e-02 -1.041561215156850372e-02 3.227979048845864164e-03 1.911759265085537793e-03 5.044229815122359961e-02 1.446865640235891690e-02 -8.472201536840362913e-04 5.258811763351576474e+01 3.885343382703152315e+01
-3.268731075954880820e-03 -4.023649795757596988e-04 1.306959215440019542e-02 9.698267633875266511e-03 -5.270781957043738737e-04 -4.306356048853033497e-02 -2.226583523840005782e-02 1.838511444987610960e-02 5.329227969489668482e+01 3.185242129448052495e+01
9.704016975750800241e-04 4.838489576663377451e-02 4.123219594326499164e-04 6.589343320052980756e-03 -5.689318860421075166e-03 -2.890032513130174913e-03 7.937110859593679915e-03 -5.682912321206171069e-03 5.121577713323181058e+01 3.743446113825361721e+01
-5.893665459823314856e-02 3.435115823901065124e-02 -4.343767897602985456e-02 -1.922807531489024654e-02 -4.601412552004724085e-03 6.094183245081967286e-03 3.464755145540148601e-02 3.465302370796098218e-03 5.226487473925320870e+01 2.386285596377029705e+01
3.691554858519237314e-02 -2.537228394838455386e-02 1.661115419050735592e-02 -3.056783401541539325e-02 2.142903582359920525e-02 1.381616059402641407e-02 4.235386458741773746e-02 -7.596305291613452380e-03 5.492349390573050982e+01 3.875579201564362108e+01
-3.108951024865791446e-02 1.754215497887255323e-02 9.045670713207026870e-03 2.171285123988903401e-02 1.615393071314236324e-03 -4.657182649574446304e-02 -1.763879840557707607e-02 9.325408545923105641e-03 5.290453442274121443e+01 3.215819656688379524e+01
4.836362747466788764e-02 -1.985066042347875814e-03 -4.173313874604374363e-02 -1.329377125441834687e-02 -1.130321712689782467e-02 1.028944599195683214e-02 -3.410438673339166032e-02 -9.565052882432974884e-03 5.902717266052768252e+01 3.564152172234290816e+01
3.362494031172997069e-03 -8.582680344345663612e-03 1.364377491618559354e-02 -1.791183497243599085e-02 2.960022176838488644e-02 -7.499194803469257098e-03 -1.379747511632054609e-03 -3.028402183108238124e-02 5.212935019262278757e+01 3.345868794061492224e+01
1.951806183981352012e-03 -9.564818683333442886e-03 -6.885543746442077465e-03 -1.806909552994148682e-02 2.275264848678986568e-02 1.712893109717419232e-02 1.458545045107103796e-02 -1.470147330927076964e-03 5.430999695391479065e+01 3.477596913715675697e+01
1.985533500404315903e-03 -1.681415341159794852e-02 -3.514301956827448059e-02 -2.105308145922389976e-02 -1.881019010310176418e-02 -2.517399087726125348e-02 1.084670307627921219e-03 -3.556258765712393306e-03 5.429392079137323179e+01 2.581859911804491503e+01
-2.443642175861759219e-02 -1.592924010661029080e-02 -1.261327834448744759e-02 5.165145577814651834e-02 -1.395006583849216393e-02 1.432797344659818891e-03 -4.354202964618126420e-02 2.942291567367549127e-02 5.578209843657438682e+01 4.253407520838089795e+01
-4.305168779614668671e-03 3.439335958230349544e-02 1.609600062609984478e-02 -2.990384688905232610e-02 3.806344804134906279e-02 9.730456069045276615e-03 -5.549952830176247548e-03 -8.047491192893354434e-03 5.282342637934578988e+01 3.583264974044380580e+01
-5.382951066077561880e-02 3.866834601182955744e-02 1.187575033802829201e-02 -3.539469989968345529e-03 4.432093795473490000e-02 9.268159239181373047e-04 -4.024720888108630767e-02 1.667308099219911785e-02 4.973837191647140799e+01 3.466187225312108922e+01
1.612808970015510573e-02 1.633622902318993333e-02 2.465322147095014380e-03 5.915110329696942823e-03 9.423354525442215884e-03 -2.166213332734679559e-02 1.952347433039679572e-02 -9.734227649069013624e-03 5.342986873765761402e+01 3.485607321716215523e+01
-1.367284292817530153e-02 8.630051888009701924e-03 1.368722213417276727e-02 -1.389684829199488471e-02 -5.166101248390320144e-02 -3.547579719208671795e-02 -3.348489267360401506e-02 -4.432785642156607947e-02 4.472858580332402312e+01 2.685162281173472465e+01
2.873236324300576777e-03 1.458443511540207654e-02 -6.182211576402599912e-02 -3.696092888190934816e-02 -1.875056274305201762e-02 -2.316763931793142453e-02 -1.501575939046115651e-02 -2.575513554312935591e-03 5.861974858919316489e+01 2.133877733614009742e+01
1.310707684941145833e-02 -5.933633747001906518e-04 -1.432193334453487135e-02 8.403795992355488076e-03 4.794659816993469131e-02 -6.519163218393338698e-03 2.429397347576199573e-02 1.961921677829817437e-04 5.508354425903851848e+01 3.945123958445132217e+01
2.481048438193201797e-03 -2.322401493355693083e-02 -1.166443563072882932e-02 -1.116511195603844472e-02 6.859051360370151812e-03 1.297599219775026624e-02 -1.790291966969248874e-02 1.814920906558712896e-02 5.338779263872419989e+01 3.289041689901623755e+01
-1.060212317177688240e-02 -2.287098027723902596e-02 3.659480868082020874e-03 -4.841603006982137664e-02 -2.766938715032211601e-02 -7.418160158077717614e-03 1.858824927739146510e-02 4.277627454969998300e-03 5.064094521741179022e+01 2.301754760262956623e+01
3.609498939348498164e-02 6.179407770039449348e-03 -1.174330981749576418e-02 -4.709393630203338732e-02 -5.633117285569168992e-03 -3.915139342231034082e-03 2.073618331102214385e-02 -2.744023009428468718e-02 5.742689429754675245e+01 2.964954005148206662e+01
-1.629489260263264350e-02 1.649138227758917274e-02 -6.939545557173758608e-03 -1.183578584452734360e-02 9.072178372754945153e-03 1.120913676720769643e-02 5.890462751924524509e-02 2.684533920905098937e-03 5.139016981587894861e+01 3.650653156943752009e+01
2.111670888517960115e-02 1.194289868944776664e-03 -2.027329679623893557e-02 -3.291298429215482740e-02 -6.224698707698463063e-03 -3.933021913153873783e-03 7.727124571941338185e-03 2.724907647591992207e-02 5.601804935422649123e+01 3.015150047809954614e+01
4.220557349577366141e-02 1.528317849950139133e-02 8.607845781960802786e-03 -7.552889166438748331e-03 -4.349353076669425222e-02 -2.545032095830922214e-03 9.136022173822760592e-03 -2.034506077950673508e-02 5.003915808268267540e+01 3.523886677608640383e+01
-6.186012487439367796e-03 -4.331192675530277231e-02 3.742983403221446237e-02 -1.454085225856531103e-03 -3.599598907376615198e-02 1.167503785573957217e-02 1.081736236218082924e-02 -2.770875725283458366e-02 5.279752281842779382e+01 3.616729655136048649e+01
2.143618924552381615e-03 -2.096610663600254054e-02 3.377034083525337627e-02 2.390760016561077270e-02 -2.483620662155759662e-02 2.296184465373239322e-02 -1.229938056104920401e-02 1.292949894742420440e-02 5.914053316597264143e+01 4.329998166795553516e+01
4.213046512031319579e-02 -4.982812391496717341e-02 -3.917148276952454183e-02 9.340792312804685471e-03 -5.916174195064450442e-02 2.222425247967801595e-02 1.479228124184730521e-02 2.664487084411409912e-02 5.322753329895075325e+01 3.407505858383251507e+01
-1.459516092350371212e-02 -4.087526673080606882e-02 1.261165105008437044e-02 6.012422983693183889e-04 6.373364235029284515e-03 -1.246067178605048294e-02 -3.611818396342214577e-02 7.335864641609373370e-03 5.113848149876140781e+01 3.478333693386483816e+01
-1.683205578382942352e-02 3.879492041720265100e-02 2.309811263076485405e-02 -9.719212238893906036e-03 1.264415323658933492e-02 4.455349926430968339e-03 -1.014980508568394044e-02 -7.479520759808595300e-03 5.179347787227841593e+01 3.425333834966919966e+01
-1.037423657019863853e-02 -5.859277037272176206e-03 -1.087332452102209718e-02 4.007692882414510410e-02 4.396522015216371843e-02 9.966434656608512063e-03 -2.744577665355638074e-02 -2.219437201773716284e-02 5.856785827911951259e+01 4.435923483731522055e+01
-4.525801149717661315e-02 3.203158283719543392e-02 -1.156331546701582468e-02 -1.069967539882638735e-02 1.290492752182761590e-02 -5.412871316998734209e-03 1.285215915444348289e-03 3.182175811087924883e-02 4.976108148519060848e+01 2.418888363475296543e+01
-2.624272295906395630e-02 -2.683971149112782117e-02 1.033765151999913555e-02 9.662800956851170381e-03 2.721937735054252155e-02 -1.204640502860903403e-03 9.266235102205097954e-03 4.135282421243004214e-02 5.339378878559814723e+01 3.467495713474548324e+01
2.979269418631267513e-02 -3.205398744579211062e-02 2.891177480589077198e-03 4.214883009656124335e-02 7.355743783472703037e-03 2.708249218258192842e-02 1.435764546773700932e-02 -9.793040099052413225e-03 6.215277181582707300e+01 4.942314058062292048e+01
2.570425875634022722e-02 -2.514398691161195618e-02 1.702225622558318358e-02 7.965613592157355996e-03 -6.781105504929431371e-02 -3.414431248664395735e-02 -3.290574634169870366e-02 -1.236302641287710538e-03 5.139953391319836840e+01 3.018977168043057446e+01
-3.138331483892055351e-02 -2.180904144625743848e-02 1.923296502520345985e-03 -8.646146366861348978e-03 2.808266102549685124e-03 7.655249139200422277e-03 2.197287375924094396e-03 2.569890862959560429e-02 4.826108062425091560e+01 3.317417178082678930e+01
1.542636751282640099e-02 1.153607953462564700e-02 -4.138131184273161067e-02 -2.208849231787065378e-03 2.803935181781816791e-02 7.473847540215895931e-03 -4.512170502004164696e-02 -1.635685784197386501e-03 5.834419095834702773e+01 3.474950415869582798e+01
-6.242300341803180483e-03 6.741895630377588156e-03 -5.523738139166300271e-03 -3.007538353765358205e-02 1.755926090360936456e-02 3.387161940520746215e-04 -3.512617488146098366e-02 9.223964512220928294e-03 5.396732262253647860e+01 3.129001372748997767e+01
9.388238465785150172e-03 -1.570396492445100961e-02 -9.303702730555113432e-03 -1.048377579696251061e-02 2.470880725354229410e-02 1.361897433475181378e-02 -4.291426084569577998e-02 2.334414609567863567e-03 5.437992105691932920e+01 3.858564952964849226e+01
-3.965611930019921280e-03 1.748653161855677832e-02 6.572050250558944540e-03 2.754733679084511375e-02 -3.852158764797496658e-03 -2.510823469130941954e-02 1.397454690591120804e-02 -1.279386765781140647e-02 5.533040156965534351e+01 4.139838880603078053e+01
-3.104722945196039530e-02 1.629636217147655344e-02 2.954136606053836892e-02 2.169685830115608213e-02 3.236845672108920081e-03 2.872921089549673734e-02 8.746910349650371258e-03 -5.253202554995803873e-03 5.735730677148455214e+01 4.191847102441754913e+01
2.351037161892256117e-02 4.334507045161411533e-03 -3.788023427231672347e-02 -1.573468521261364023e-02 -1.915573681226740224e-02 2.585201412672067517e-02 -1.178802208421936108e-02 1.048799074952697086e-02 5.671123797449511272e+01 3.250811961476141931e+01
1.826777546410146558e-02 -2.713413046326798583e-02 3.271026030040617011e-02 2.255269476609039758e-02 -4.446255417353722067e-02 -2.354592873002872566e-02 3.822416377669941856e-02 -3.361791376944722742e-02 5.751630897950293786e+01 3.538011152576729756e+01
2.140636291173978606e-02 -3.539997572350259136e-02 1.016885188871568917e-02 -4.687553606097168146e-02 -4.847015443420501363e-02 4.816243506483097736e-02 1.672068666608091808e-02 -1.697360802793494022e-02 5.174720874615220367e+01 3.328981089388671677e+01
2.531144505396841493e-02 -7.654890757447777375e-03 -1.996871479165447313e-02 2.228252294771918343e-02 -3.332157484847900197e-02 -2.666868158541199976e-02 -1.616749817758273908e-02 3.404387439458918252e-02 5.044877894686518971e+01 3.526180947668126464e+01
-4.816674776489273530e-02 -4.362619362219624826e-03 -4.055368094564312798e-02 -1.690398335133978455e-02 -6.084432425641835007e-02 -1.000454270544575038e-02 -2.921774843723683873e-02 -2.898316691486977487e-02 4.809146406769605875e+01 1.698194659848569188e+01
-3.614769562494397209e-02 1.006799819267690035e-02 5.812268765705817103e-03 -1.816338426051346960e-02 -3.540233197579923524e-02 -3.826480591349340488e-02 8.484775883941159808e-03 -3.272165667763994330e-03 4.524155471572430542e+01 2.440607547018551671e+01
-3.262529573209096284e-02 2.620316804933354657e-02 -1.677525790298835294e-03 3.461929979335969659e-02 -3.604647742414991349e-03 3.210066819294667140e-02 -2.153271263811773820e-02 1.672939902749711813e-02 5.411387269256943000e+01 3.887830860655376597e+01
2.469111847835466639e-02 -2.803371311982265357e-02 -3.084860490200583630e-02 -3.255591461017668113e-04 2.842590253835044697e-02 -1.527196495712774757e-02 2.088183420497895237e-02 8.586738850024935865e-03 5.697249907158661841e+01 3.851791525005907602e+01
-3.179808769636448002e-03 -1.941389409735474678e-02 3.204484531159907529e-02 -5.026989197103244600e-02 -1.476497312937257410e-02 -1.090153801048733551e-02 4.501008187787611942e-02 -1.558493319163320977e-02 4.905572816846040496e+01 2.729000654701458828e+01
6.833064778808920804e-03 8.274135321963353284e-04 1.320510333820128744e-02 -3.811063992225700858e-02 -3.661949165123270372e-02 1.633965438798711325e-02 1.977750311962384738e-02 1.377719374126483431e-02 4.997576032974026816e+01 3.191737424285335933e+01
-5.366173312655217811e-03 1.044001219974794413e-02 2.367292092075595419e-02 -4.536257133785488033e-02 -2.226065544158547377e-02 -4.633051925806951771e-02 -8.458735537057898365e-03 -2.939049771160611238e-02 4.801891236195474022e+01 2.613715597941083146e+01
4.095210025155066741e-02 5.995028428203349200e-04 9.029542731363091393e-03 2.543105781159408704e-02 -2.733485319809387734e-02 1.533936438720240499e-02 4.122632836978493143e-02 9.400654515799931887e-03 5.862721853879619971e+01 4.211158580241261973e+01
-2.104189430812478806e-02 -1.272725544625168039e-03 -6.293938388913817607e-03 -4.057993732412359250e-02 4.290450180056684659e-02 1.447538235186372930e-03 -5.160265061861724761e-03 -2.034650160553876444e-03 5.508002106788312346e+01 2.930667298127705678e+01
-2.164483441178683895e-02 3.242025520482393064e-02 -2.393342580535775393e-02 -2.806243123086486074e-02 4.458093194851968540e-03 2.104139926185493413e-03 5.636109329754507985e-02 8.632593180893981255e-03 5.372541933382918700e+01 2.689855048154096195e+01
2.303506804815739009e-02 9.791517191080437513e-03 -1.925701225483419585e-02 -9.419008695741266229e-03 1.051296592415142984e-02 -7.189948400316802969e-03 4.552153439334094553e-02 -8.426833104562056823e-03 5.568777658722962087e+01 3.416973300260814739e+01
3.005514048212031518e-03 -4.607822436678067624e-02 -2.912683624185437997e-02 -6.978411952053091560e-02 -1.391580153178512743e-03 -1.867546103412663291e-02 2.372323202416997540e-02 2.451104666541003424e-02 5.902339159213225628e+01 2.198665114603114645e+01
8.061557287320221228e-04 -3.098188984855343789e-02 -2.551140361478732390e-04 -1.472890879299400615e-02 -3.817756076621135058e-02 4.408305681302260651e-03 4.504405952746176611e-03 -7.918645289268274462e-03 4.857077922138506665e+01 3.207318779555267696e+01
1.530626260556752945e-02 -1.038979684541026065e-02 2.952195399168261805e-02 -2.478006678080586951e-03 2.231411771860470836e-02 -6.723431911684244790e-03 -3.476877727427943581e-03 -7.509552107067434847e-03 5.703664400815199542e+01 4.003218630575446468e+01
1.548025975480158377e-02 2.743217640173995896e-03 -1.051465230644672497e-02 1.332415176953682842e-05 -4.335408379457938305e-02 3.971517063543821002e-02 6.398546232360082311e-03 -7.102222835061637943e-03 5.019530271059424820e+01 3.711049738935933107e+01
3.451813831226213051e-03 -1.063353590952186012e-02 1.345996110084397672e-02 -1.029899786323120467e-03 -4.266232874797785957e-02 4.036523433391762949e-02 2.877623069039999398e-02 -3.525106703663708624e-02 4.992714722057827004e+01 3.746452376517642335e+01
-3.034392635576562205e-02 -1.691587301230828427e-02 6.414117414029057995e-02 -2.897501166403430774e-04 -5.451447283433358965e-02 -4.975929332088085966e-02 4.919034331532357420e-04 -6.134059440745696749e-03 5.353235504947591039e+01 3.051764050878324497e+01
-4.295755400383243633e-02 2.791077534780976935e-02 4.614072103885423493e-02 -1.891020104518969375e-02 1.728014424911998581e-02 -3.489100683733956793e-02 1.785550277800256221e-03 1.240275084463367391e-03 5.103864850732548319e+01 2.970046068960608565e+01
-4.289696787239749912e-03 1.861394459751409755e-02 -2.765518899993407720e-02 -2.415275495860780969e-03 1.553418988194216113e-03 -2.551014396437308041e-02 -5.426871686284859275e-02 2.106768919545242216e-03 5.318129917462669454e+01 3.027075659235617522e+01
-9.393148019476190227e-03 2.519944314153144821e-02 4.250302326107629342e-02 -2.827087510282048216e-02 -2.284443611743019673e-03 -2.916486164910678594e-02 8.788612094046906881e-03 -3.458425150919589020e-02 4.994757788897306483e+01 3.066148061638197930e+01
3.917435846499634639e-02 3.512942962465747526e-02 6.503335253302044983e-02 -1.570842197984309921e-02 -6.845751556312568674e-03 1.084942312825451678e-02 2.368907325935813366e-02 1.903048037084188390e-02 6.018053017760398404e+01 4.176030351856873324e+01
-1.934394005549912657e-02 2.146743409223554264e-02 4.467884923417394377e-02 -1.003067282312564319e-02 -1.200125942793114908e-02 -6.769552631484838240e-03 -2.886333100303050889e-02 -2.039961178527955298e-03 5.313587551541149878e+01 3.266549747700165796e+01
-4.645694948326014456e-02 2.754156030005568828e-02 8.811181959318780191e-03 4.020683731843571751e-02 -2.101307822363139913e-02 8.839558231894308407e-03 4.920672806052532600e-02 -4.552999393158504993e-02 5.466271620649272478e+01 3.892190939724494569e+01
1.537133476272311422e-02 -2.361772862147475203e-03 -1.888894398987389991e-02 2.276027719365045568e-02 2.405335132876620582e-02 -9.182044396077153217e-05 -3.837349063785776976e-02 4.247382618617152883e-02 5.447068988942010037e+01 4.087878304493824544e+01
-9.081854000893712503e-03 3.741655657622156798e-03 4.105155528769722367e-02 1.648665342515250433e-03 -5.628901384165670846e-02 2.558473783295116613e-03 2.262793098465432431e-02 6.100702581641763780e-03 5.263626433355160827e+01 3.143265340828319765e+01
-1.308455756733359863e-02 -4.731304397900105291e-02 -1.891803353795785611e-02 -4.134433569367088057e-04 3.430143538558358407e-02 1.282943525979878853e-02 -2.302287444577307690e-02 1.246608473201658504e-02 5.354537438715011888e+01 3.181007711630025625e+01
1.880626353688251472e-03 8.020326191660025889e-03 2.102956674848652924e-02 -1.567726872133460084e-02 -2.835833904455602877e-02 2.767878589958985835e-02 -8.815600504791725606e-03 -6.806870480815103465e-03 4.918243162780256483e+01 3.928859076233063519e+01
2.961080185864930700e-02 4.627607770683942606e-03 -7.216730965308743029e-02 -1.689171514049927006e-02 1.128623197660419061e-02 1.350732562785740033e-02 3.664374577528834581e-02 4.528804526179380091e-02 6.305039982091298612e+01 3.161388913096099529e+01
-5.976682741929128378e-02 -1.376176828366488213e-02 -3.567428531001343855e-02 1.466789660989965133e-02 -2.478379826984666466e-04 8.115948833967870021e-03 -1.116206008464386626e-02 -4.314370355074644003e-02 4.858142792832218504e+01 2.922507491945577129e+01
-3.328339710396010717e-03 -8.439064407756888611e-03 2.194248426592470755e-02 -2.425165460407186988e-02 -4.239261423068751977e-02 -1.596349172896602622e-02 -2.071377435621105708e-03 4.490588138837490334e-04 4.575730944529902899e+01 2.902499825549671186e+01
4.849586874358464451e-03 -3.281086137878817116e-02 -1.793301246083163145e-02 -7.542297637349702419e-03 2.035725932537666913e-02 6.583271889973144357e-04 -9.207551205749000753e-03 -2.346445503086106235e-02 5.417607917617986857e+01 3.256051314465530311e+01
-3.729586787041944216e-03 -2.631141889499888364e-02 -3.868156070947609271e-02 -3.628608165310461681e-02 -1.301970459613131098e-02 -2.672949270331495888e-02 -2.620631622482249082e-02 2.940302606172030125e-02 5.623542862341341930e+01 2.292149088598868545e+01
8.728720415694760440e-03 -3.153165680610508365e-03 1.762581618598774158e-02 2.872928821341190833e-02 -1.363404903600121294e-02 -4.965635559631988681e-03 -4.939795173278334339e-02 -2.096382446561209645e-02 5.750012772276389938e+01 4.344788516599918893e+01
-1.205558146408801379e-02 2.431590664139043553e-02 1.706122323196442719e-02 -6.585879203304782076e-03 1.479772830858464006e-02 -5.991857204576638354e-03 1.438617340409778511e-02 4.628145391979324869e-02 5.151496381830131810e+01 3.346310879145606521e+01
3.290288580302846294e-02 6.574305111581015167e-03 8.550501942552475587e-03 -4.511250151455287877e-02 -1.618385884169638942e-03 -5.111995079281733342e-03 -4.102337111524855667e-02 1.242387553404904329e-03 5.533303519246493352e+01 3.516721890990485377e+01
4.593326799977412445e-03 -8.629311841096330791e-04 -4.792749370521998814e-02 1.937168140802403293e-02 4.882478264767041616e-03 -1.142496905573360359e-02 -3.690325963119675534e-03 -1.346736911737334182e-02 5.478654767583284979e+01 3.502958612561559448e+01
-4.539087966708913249e-03 1.101539007823294607e-02 2.121424356227754812e-02 3.232015650229401547e-03 9.144295967980971621e-03 -1.118087074187455038e-02 2.840269272036502132e-02 -3.323602786604568787e-02 5.412673516460963441e+01 3.773126830171496238e+01
-7.592329190345286499e-03 -1.114182190012247969e-02 -2.647493065802545079e-02 2.440035887272977780e-02 -7.725742426627347018e-03 4.346597952432526731e-03 1.862337855006920232e-03 1.529030830726231353e-02 5.004279460647816791e+01 3.183167105917059914e+01
1.256045217593503667e-03 7.598085006484603735e-03 -1.135192839643952949e-02 -1.339416765192238609e-02 1.190219678496898421e-02 -3.237126630888232607e-03 3.684002391145293348e-02 -2.293216929026178560e-02 5.313214763020498310e+01 3.279600570068516419e+01
-1.313630091169152095e-02 -1.605818532734167373e-02 -4.443239419590113565e-02 4.925245404295017573e-03 5.568499172146021588e-03 -7.905497352581733819e-03 -1.964533920702219924e-02 -4.778216763839534392e-02 5.382665350735405241e+01 3.043126130850578903e+01
1.060321718136580764e-02 -3.877684353795510241e-02 -9.427986012857676040e-03 1.489537869399893896e-02 -6.589296394477623872e-03 -9.050435147159502369e-03 -1.931868921134931652e-02 3.340404815689536344e-02 5.159566777693353146e+01 3.700036121376265896e+01
-3.574754480303725390e-02 -3.005121614889473460e-03 -1.111682443052352913e-02 -2.922194385962326169e-02 4.302036119469970776e-02 2.843764041520789598e-02 7.959854966719985894e-03 1.254544474892749055e-02 5.426770683349730717e+01 3.474631930410237146e+01
5.166243826998159240e-03 -4.412439055991705834e-03 -4.232598569770797993e-03 -6.640428009116309573e-03 1.050556908763363752e-02 4.248779544562277487e-03 2.743156013605868582e-02 -3.169250336502123233e-03 5.194079350894197944e+01 3.403822894786936359e+01
-2.097444537030130826e-02 1.595412672765931725e-02 1.202032591231081034e-02 -3.376378336257588458e-02 -1.802633786708934469e-02 -1.056813692626330618e-02 -9.086291423147044993e-04 -2.784288326791642138e-03 4.850727769814644574e+01 2.578491577275575608e+01
-1.049517215571852020e-02 -1.562388125567203395e-03 -6.576515899746042219e-03 2.890493787944739199e-02 2.668761396083538934e-02 -4.469289404640262864e-02 -1.268266733987090389e-02 1.849880427043965742e-02 5.467087205073055145e+01 3.701953133488380843e+01
4.155820865172674128e-02 1.522145941914776826e-02 -2.388894894882811690e-02 -6.916250367975431031e-03 5.000741667775046584e-02 3.393315116416572436e-02 -1.217004314936217775e-03 1.735886821022206844e-02 6.077395257163191644e+01 4.761176625876562696e+01
1.819411536583472044e-02 4.775134823583782745e-02 1.052398047542594042e-02 -9.528994910024197323e-03 2.978285901063367283e-02 -3.820226956682618719e-02 -3.541729017128546902e-02 9.500817534174066034e-03 5.244170486077891979e+01 3.609855708460345625e+01
-2.045421563295866940e-02 -3.305026775613460061e-02 -1.576157098662815323e-02 1.023360536697975540e-02 -1.448827490497265995e-02 4.068885403630133346e-02 -5.476908883563815812e-03 -3.792187130383307698e-03 4.919305970714625431e+01 3.454497358164302057e+01
-1.847161005016322716e-02 -1.754575588481788531e-02 -8.922596528566957216e-03 -5.748800573212331858e-03 9.198043025547259985e-03 2.786100806766947640e-03 -3.006316908109396904e-02 -7.586671569773968150e-03 5.072598219732473268e+01 3.084988363258185018e+01
-1.175677665883412097e-02 -1.206258481139710001e-02 -1.780046548240106843e-02 -3.350507231932216279e-02 1.443966682749340050e-02 4.921460970979509020e-02 -2.286254389462899841e-02 7.996049681448857277e-03 5.581110740992137664e+01 3.416532688723563638e+01
3.132713139757330786e-03 2.568552968766807387e-02 -3.955711627910740019e-02 -3.307975245533113784e-02 1.721827125464801128e-02 -1.829786040112440712e-02 -1.587244172306943521e-02 1.715279589993594020e-02 5.865395848036153836e+01 2.850044356446820615e+01
1.575231522612037527e-02 -1.138906244986943178e-02 3.570116491145174098e-02 7.155346183206979030e-03 -6.188977968733382594e-03 -1.693285635863087113e-02 2.687018703532082203e-04 6.601758774502138050e-02 5.744120516802198040e+01 3.673533486232290102e+01
2.692147789849097528e-02 -1.842674864070747293e-02 1.167941685199440013e-02 1.485470540783762235e-02 1.515910205571591521e-02 1.510986118490319566e-02 1.457399905385381965e-02 8.395087640115268812e-03 5.816288418180531750e+01 4.410774632671191142e+01
-2.816344552421835498e-02 -9.996638404864158223e-03 -6.546792185418865437e-04 -2.177264926576061299e-02 2.789886060210278185e-02 -3.613448920432852512e-02 2.907371102874105242e-03 -2.112978328014314400e-02 5.112541664855822887e+01 2.922158987774962569e+01
-3.658432488996791326e-02 2.480582171006450809e-04 1.705802830685740692e-02 -2.261083959934636137e-02 4.660957434416853479e-02 -2.526410467143909780e-02 -2.357982289557725500e-02 -2.088380342412083507e-02 4.968729196237202927e+01 3.189811490261730142e+01
-7.469091836554090508e-03 4.217707834469450190e-02 5.296464011068247740e-03 8.659415556524229646e-03 5.372699880629306333e-03 2.357604876072727507e-02 2.773909298911341262e-02 -1.638746640530436283e-02 5.328703144618746990e+01 4.067492139487269753e+01
-7.439370529506394991e-02 9.821957664788858594e-03 1.181592714630441861e-02 2.520867701497636615e-02 4.073286856583523130e-02 2.845222775661453152e-02 -1.344229540151344569e-02 -1.006889281553118021e-02 5.488018396077836059e+01 4.083977903156766587e+01
1.248911128267246422e-02 1.811950420639533987e-02 -6.188933913159828243e-02 -2.409150018446074362e-02 -1.556885127826314330e-02 -3.500450871273029507e-02 7.360701123400277719e-03 -8.247087774874546640e-03 5.861678412764965174e+01 2.430372130713416112e+01
1.284202312815975813e-02 -9.226404527229632030e-03 -6.336479269657858959e-02 -1.976012105956762716e-02 -3.969578489095967888e-02 -1.760157917116780824e-02 -1.586666857952292661e-02 -1.786390037256247246e-03 5.648519139382121779e+01 2.428117534673856781e+01
9.125254947364833460e-03 -9.877159932651648558e-03 7.437011605983858895e-03 -2.232540945935850354e-02 -9.749621095874337964e-03 7.559700379665615713e-03 -1.667531282971905504e-02 -3.432753522932388991e-03 5.152049741593037879e+01 3.506688076858679892e+01
-1.179833864625668294e-03 -4.446755234330626583e-02 -6.834012361368062630e-03 4.243911083093592287e-03 1.995611813578471172e-02 1.182481733723028845e-02 1.929719374543862383e-03 6.539832850977480953e-03 5.185891827001431409e+01 3.657224876605084773e+01
-3.643585868185536883e-03 -3.633503589367315101e-02 -1.762626862227852781e-02 3.455366316581432590e-02 -2.381110510895267582e-02 -3.243375697982016359e-02 -1.269151310788363234e-02 7.050837462883733416e-04 5.131332233855565761e+01 3.353819798273278252e+01
-4.184036801178332016e-02 -3.608367206921999845e-03 3.268895466492303947e-02 -3.024414382870379940e-03 -2.540778584425888720e-02 -3.006235459931368495e-02 -2.666500761948874948e-02 2.274267678777137230e-02 4.936755429807172391e+01 2.673690360026359514e+01
-2.198313619212464987e-02 -3.015352643825931485e-04 4.093690157349612335e-02 2.309578755447587450e-02 -3.105860567899167840e-02 1.590834847235673977e-02 1.519613210921069886e-02 -3.610852095177642662e-02 5.772857027758846016e+01 3.932680170645556217e+01
-2.544938702224695468e-02 1.272461706980114633e-02 7.483512244783094292e-03 2.751801240039429206e-02 -5.797374983358707934e-03 -3.633360946790530760e-02 -2.130634985604904288e-03 2.244652037366657096e-02 5.364581989435191645e+01 3.570113394570277876e+01
-1.014078456235058961e-02 1.110347060358001479e-02 -1.884764177995042894e-02 -6.344140544080822952e-02 -3.706695796858309327e-02 -2.918740508013158499e-02 -1.294857358037959996e-02 -1.831809866605852224e-02 5.379904357114400426e+01 1.324619592622956077e+01
2.634720208042837242e-02 2.819551345317067997e-02 -5.525089046485910128e-03 2.241956666978481283e-02 3.583922711119817001e-02 2.707823497020614596e-03 -4.494506171449234866e-02 1.161323717982872851e-02 5.782282771570829993e+01 4.276730893244140219e+01
-2.702632632582440894e-02 -8.657429311645916878e-03 1.329691043697779455e-02 -1.092809456300674470e-02 -3.385419690730387138e-03 -7.056280450860179763e-03 -4.913186236401028556e-02 -1.192610311793049476e-03 4.753048948552090991e+01 3.177565998381875190e+01
-2.520870250401818086e-02 1.193927359079486987e-02 -1.896450963836990994e-02 3.983909117752545970e-02 5.687453691538116307e-02 4.128621060518740393e-02 -2.194978444186592229e-02 -1.413431272974330875e-02 5.715166236553049828e+01 4.330424411210471192e+01
-7.523487506114180656e-03 2.703702711285763029e-03 -5.155183234373121419e-03 1.162434787774070666e-02 -6.903975591818671889e-03 -3.255364053678286296e-02 -2.668185978127467217e-02 1.205761178542704912e-02 4.967854412206637704e+01 3.566539282537187461e+01
1.744559983724984519e-04 8.623663466102391220e-03 6.316265357015105053e-02 -7.236594401390229921e-03 2.374078069480819314e-02 -1.277312784984925217e-02 4.136283020881280359e-02 -1.257311576669152900e-02 6.058245960254046736e+01 4.586250232585405939e+01
-1.837238865363440346e-02 2.540595430159585041e-02 9.655300772024770842e-03 2.529979784348645663e-02 2.241590439248002456e-02 -8.272928321711900748e-03 1.867460135988898134e-03 -1.016513586069146477e-02 5.689796091169296233e+01 3.510186192189657106e+01
1.451873660843682953e-02 7.382585216877462705e-03 7.419499012533008024e-03 -2.088548390373934360e-02 1.796354181872182945e-02 1.783853143091575916e-02 4.129030070628601085e-02 -3.613748719881957477e-02 5.334731053140834689e+01 4.036889095661329208e+01
-1.230120320668087047e-02 -2.132677011817350407e-03 -3.163973434885303249e-02 -5.097090377190367783e-03 -5.464678793188269129e-02 4.116157083869784877e-03 -1.638683645774522551e-02 -2.373112969705346107e-03 4.987595009540413571e+01 2.451639250672315740e+01
5.112632896841766417e-02 -6.067421681171240486e-05 -5.428308322046973902e-03 -8.157003373416083988e-03 6.512786065726668128e-02 2.951151814161536574e-02 -5.868126936975357096e-03 1.991692468236672814e-02 5.972275848789439578e+01 4.929941892202222675e+01
4.102345954679596091e-03 1.243461237053309666e-02 7.941503616859661371e-03 3.578683008834894225e-03 3.040718669223490753e-02 -4.338013818103571284e-02 -5.659630593440890742e-03 -2.442022395139144611e-02 5.336033100097877480e+01 3.786065948363079769e+01
-1.143112403152103836e-02 -3.195884551847614358e-02 -2.445351476922768760e-02 -4.723050607402688728e-02 -2.822573983260066519e-02 -4.135133875399017028e-02 -2.210471370831585888e-02 5.782724546233801444e-02 5.300119997896644719e+01 1.344352035721698435e+01
-1.473690088748380936e-02 -1.259665938456952343e-02 2.702756625768823820e-02 -2.451151738677863345e-02 3.263541223663224411e-02 -1.732187003913561799e-02 -2.308343074490244035e-02 -4.740733595989289617e-02 5.015080802004901983e+01 3.589362262304855733e+01
-6.369578091069974524e-02 -1.985701115298079550e-03 -1.933581195264197014e-02 -6.962970020932640614e-02 3.915151245005250163e-02 -2.049296136720035830e-03 -2.671962044460082092e-02 -2.270786947294351626e-02 5.580273222383022613e+01 2.464113156274617467e+01
-3.032967832379015322e-02 -1.943912254118220287e-02 -5.745590634059699608e-02 6.145784045504413401e-02 3.109830517714333442e-02 1.886952592704577505e-02 -1.643365007386329846e-02 -2.297094268554202706e-03 5.299282689349887221e+01 3.833233466824349023e+01
-2.444491322949289731e-03 -2.989763555254143848e-02 -4.203367776589601174e-03 -3.484095989909660740e-02 -1.814039863171102926e-02 -1.859282817970816268e-04 2.133946875819816430e-02 -1.666762466230825232e-02 5.153571598539361531e+01 2.697825931257191101e+01
4.070250960557871001e-02 -1.357003392063547064e-03 2.718556434945657626e-03 3.103577223008739672e-03 4.180540402014626400e-02 6.090798221281252395e-02 2.715142098743206570e-02 -5.369185463245321893e-02 5.801518051417664168e+01 4.882629299749154939e+01
5.775458721278861965e-03 -1.436975908314574307e-02 -4.596516377458810011e-03 2.583914175085212910e-03 3.108624486891035932e-02 -1.617407906168434606e-02 -2.411895594194680276e-02 4.681073073392630346e-02 5.262407702788605235e+01 3.711422159880735450e+01
-1.250381077990740837e-02 2.893062801669887222e-03 -2.315226508283235035e-02 -2.456667373795109327e-02 1.434161968823611383e-02 1.365406104380066307e-02 1.923367072886088269e-02 -2.035462974838655320e-02 5.487250082120939965e+01 3.246426213409828421e+01
4.586179643191822669e-02 -3.498121699451853250e-02 2.767079054421627687e-02 1.298095434197084862e-02 -3.735439077871113150e-02 -3.457369862317209719e-02 -8.824286776323412435e-03 -7.519621114927908974e-03 5.751361720354732654e+01 3.860618837515063717e+01
-6.383946770189724215e-03 9.683949411355578796e-03 -6.315199811384607145e-04 3.717882115988274151e-03 2.961916492333871789e-02 -7.243565242316337555e-03 6.475978665037977235e-03 6.191374283535149708e-02 5.222066507469918406e+01 3.672918923943753100e+01
-2.015270518206330533e-02 -2.374467271271055863e-02 3.759126581758734289e-03 -2.165396904496333028e-02 1.068214893653920972e-02 4.878490518858653868e-02 5.663542215220430595e-03 2.218966732616848778e-02 5.115110095568086024e+01 3.636845191793676690e+01
2.109985406839303551e-02 -3.392915206634086289e-04 2.105073663635536468e-02 -4.846903357196828167e-03 -4.121935961534104256e-03 3.541208259479553845e-03 -4.141141127686365914e-02 -1.305405673997004495e-02 5.411788387402460643e+01 4.058388741524036902e+01
-1.163061358214012402e-02 1.196384706044084298e-02 -3.812183439785016368e-03 3.128140676005843057e-02 -4.740727906167423872e-02 -2.392154590706773928e-03 1.256915298885199084e-03 -6.247243149156313582e-03 5.159826306157682296e+01 3.668907280288799910e+01
-2.832072904739496230e-02 -7.638429858970194851e-03 2.250901898054600420e-02 -1.387853068660422490e-02 1.011685780516530068e-02 2.806354717999627948e-02 2.224764811201316098e-02 2.320888471551451129e-02 5.014930204200987163e+01 3.862040492836543137e+01
-6.248499560409501163e-03 -5.665615064631930381e-04 2.215364549583912282e-02 2.245257448354118571e-02 1.793150462111469876e-02 3.705751680507386302e-03 -4.176118473897269534e-02 1.712982509443154722e-02 5.869253668046351180e+01 4.523856473823547475e+01
2.262838226425680985e-02 2.253049725353794067e-02 -1.296079744266947359e-02 1.793540720776380659e-02 -3.165764777946820843e-03 -1.796481448583394334e-03 1.335467456287253891e-02 -2.701452041325374392e-02 5.276877836678238509e+01 3.997977518992741608e+01
9.432124518625586984e-03 2.564974827957548428e-02 -2.669350296524437404e-03 4.467640656375308772e-02 2.285658579532525575e-03 2.979026801545072226e-02 1.524000410539901214e-02 3.701176614352147398e-02 5.996311578734689363e+01 5.066389918566421358e+01
4.301864560577636776e-02 -1.067531047088315053e-02 2.994495379048736292e-02 -2.079263485953697366e-02 -4.148351907928198024e-02 -6.154140727896390516e-03 9.215910651558159583e-02 -5.628951373011003905e-04 5.095052795482733643e+01 3.514733549996941520e+01
1.276309120096729040e-02 -1.615036714793107592e-02 2.053405108539004681e-02 1.460495408707151825e-02 1.697013004023380190e-03 3.335215622654790629e-02 2.424526924319774304e-02 -1.879289250396862579e-02 5.802978363212314150e+01 4.208938894594458446e+01
7.799798083869502636e-03 -5.831780264874043655e-03 5.719610964175845386e-02 -6.989126073658259199e-03 -3.058565965756243274e-02 1.383677875941167514e-02 8.295669031319723163e-03 -2.758501173536056714e-02 5.729668035572794338e+01 3.752180213567302047e+01
6.588488224377980589e-03 7.392947094207888642e-04 -2.589724306826484204e-03 5.719780559693757316e-02 -5.988548518846749207e-03 1.141194745648134619e-02 -1.918441556320200914e-02 -6.153368323441985033e-02 6.158740000497769529e+01 4.431512042605687896e+01
7.044773455565197379e-03 -3.544420960300133372e-02 2.274847790344552631e-02 1.923201069761727375e-02 -1.686540280999158925e-02 -1.808245009192538215e-03 -1.433747809764680976e-02 -6.260676663477177453e-03 5.693448298390122631e+01 3.852125130717138290e+01
-4.457459539431314621e-02 8.799984840033560352e-03 8.591318319140447968e-02 -2.486694675943305205e-02 3.647503460654782231e-02 4.437289219969848403e-03 -1.984632798225505548e-02 -2.125351249177432830e-02 5.855192115229057492e+01 3.550851628209025534e+01
3.872815570715337774e-02 -9.347307892877935662e-03 2.772220585492422840e-02 -5.069346568183678847e-02 2.470372534552203042e-03 -1.661111363038655225e-02 1.810169700085134670e-02 -3.064111605857043792e-03 5.397708925259073709e+01 3.097678473624794293e+01
5.634506522267800771e-02 1.373664909459437582e-02 8.983304542606328907e-03 -2.245210397275324010e-02 -1.228921352071873398e-03 -1.890142415572173065e-02 -2.524149685451008724e-03 1.245818024713845652e-03 5.469593223927208925e+01 3.773497154886554483e+01
1.027898298514180742e-02 1.044416842892910251e-02 1.866520485939858476e-02 4.865883260059222955e-03 1.085880304922934650e-02 6.270168223903755354e-03 -9.396222411146553516e-03 -1.149053191057481695e-02 5.577980187558527092e+01 4.134777780943772996e+01
3.929487672980160919e-03 6.231686891391018460e-03 2.374155152899336610e-03 5.406911052502498365e-03 2.262384827077985189e-02 4.592002102318559417e-03 1.059597073405235679e-02 -1.931663299847316898e-02 5.351015383748122645e+01 3.723175804691054225e+01
-1.569006605022901096e-02 3.412794442011071218e-03 -6.345299246154104122e-02 -1.737955019787639291e-02 -1.761637740733991778e-02 -3.553612693170263986e-02 1.124337066996935509e-02 -3.955660162317996970e-02 5.632140983130147305e+01 1.754120538049199496e+01
1.411018529121666615e-02 1.677700444365594346e-02 4.572687261859849361e-02 -1.118333012209967066e-02 2.916137153722569465e-03 -2.763967717709053199e-03 -2.246183309435009420e-02 -6.124399105711448264e-03 5.614783723974479557e+01 4.188380351510929245e+01
-1.249394042118839691e-02 2.854585625548503383e-02 -2.523522053913505869e-02 1.432462967657937951e-03 1.837582794134034331e-02 4.198395308061916159e-02 -2.582657771966247878e-02 -6.584757680317422299e-03 5.389921357018252479e+01 4.046097012789156366e+01
-4.453426908511644994e-02 5.105060719706800559e-02 4.328517033219487359e-02 2.086775270368612656e-02 1.534700386807207745e-02 4.569414354407427825e-03 1.773621700198765513e-02 -1.517170220582680917e-02 5.915891455950436040e+01 4.028399533446423675e+01
-2.160059119988649856e-03 7.172589036272556187e-03 2.500389424494100718e-02 -4.135750025700650478e-03 -1.087407993227664828e-02 -1.114113652087378968e-02 -2.762907458824346782e-02 9.507988235627378923e-03 5.232150208788603862e+01 3.665327485057363788e+01
-2.905251614902632472e-03 2.098802467685679032e-02 -7.901249347730582295e-02 -5.745668477445042138e-02 5.276633392104743830e-02 -4.369007424018604702e-02 -1.940991295213804688e-02 -8.294290213955397839e-03 6.660873197537286217e+01 1.980881917793402280e+01
2.928819275022434554e-02 -1.378628369690769635e-02 4.870467653536362379e-02 2.760794307140607834e-02 -3.320529520846900173e-02 7.560985574744567145e-03 -4.299436194589314336e-02 -2.673385543575644563e-02 6.346355953359985591e+01 4.592656892257947021e+01
-1.842071744852979975e-02 3.467290973862575260e-02 2.295900344026013604e-02 1.668568113973052311e-02 1.242677563176166136e-02 -3.555763211078304120e-02 1.318765689451051673e-02 5.588808867127753079e-03 5.600982769650735804e+01 3.713448638424943482e+01
3.523033310229536225e-02 4.031776791890449092e-04 1.959839542521280009e-02 3.501971116862195865e-02 -1.446218150362242171e-03 -2.220980452814149200e-02 2.482548414602362644e-03 -3.095910072012299577e-02 6.234047946159367370e+01 4.510624271307359834e+01
5.492348331367287451e-02 -3.178038019319143724e-03 6.165403053872111488e-02 -7.667456647987930252e-03 1.559159634942594921e-02 4.721668978704374534e-03 1.909444650193177148e-02 1.517219192325360184e-02 6.397474907206608208e+01 4.486612524776830213e+01
-6.143560455974510053e-03 -3.151977533154480884e-03 4.399178555336992653e-03 3.150556820461725138e-03 -1.455071682109342068e-02 1.731506205342164470e-02 -4.025271745168119454e-03 1.811703315114967378e-02 5.016901111116582967e+01 3.557020508657790003e+01
2.129690009383174501e-02 -4.057802965804718776e-02 -2.902064863473912543e-02 2.018874214280589469e-02 -4.027066352789765435e-02 1.953790245963381994e-02 -5.589949416874510912e-02 2.327480284898729088e-02 5.053148281238870254e+01 3.601705853214001962e+01
-2.499238286181240318e-02 -2.119809567511777432e-02 9.248594421067266730e-03 -8.566185783505715634e-03 -5.607879387398666607e-03 -3.454950087368924283e-02 1.673395762304948423e-02 -3.024251506832009023e-02 4.702142714087894859e+01 2.701383785673569093e+01
-2.428640923078312711e-02 -2.799133271327615066e-02 -1.267774701789025661e-02 -1.064849084731267492e-02 2.188289674906841384e-02 -1.595123601384779502e-02 2.091860126522629253e-03 -2.216901299569407416e-02 5.166024329989246411e+01 2.774340957138837993e+01
-5.840623176183010103e-04 6.875227139127188317e-03 3.817640233785428439e-02 -5.796757447773526889e-02 8.570682902654907023e-03 4.428808260220265698e-03 -1.562440620055140401e-02 5.367195189484503387e-02 5.128583079592939953e+01 3.046318732902556192e+01
3.795632621113988192e-02 -2.362409686438043596e-02 -4.475680370256767543e-02 1.883632702064665099e-02 3.881128207490042148e-04 1.271480317569263080e-02 -1.357098413837102592e-02 -3.234044947472433564e-03 5.644157700672003841e+01 4.045501426045327520e+01
-3.271096071114142079e-02 1.320679342604865218e-03 5.605020290348712575e-02 -1.052166002737025012e-03 -1.312129698175331770e-03 -1.030847636709682387e-02 6.668875397373715853e-03 -5.573906158660731471e-04 5.631987946935534950e+01 3.808493432749502006e+01
-1.473872483539774569e-02 -2.226626458236882072e-02 -2.740649676366039775e-02 4.733951331776084515e-02 -2.619264235765541085e-02 -8.713950813709691462e-03 -1.844117296641585926e-02 -2.790515761629520572e-02 5.164269103655859539e+01 3.359117143762158264e+01
2.694573928489618631e-02 1.368453637609127679e-02 -1.684022994544083843e-02 2.526380503296024940e-02 -5.302160220272448057e-03 -8.696942784551204425e-03 -9.321409488790803957e-03 3.542139879917234266e-03 5.374098910583091993e+01 3.779926314534392873e+01
1.947990779952800747e-02 1.303267631487128354e-02 1.284709458085099565e-02 2.575873600567348334e-02 5.491053326504457231e-03 1.035598109084667718e-03 9.472358680554989266e-03 -1.384177881829017250e-02 5.886489082003438966e+01 4.305009152719558330e+01
-1.320854576157483654e-02 -2.861599517131021425e-02 4.746444651273196147e-02 5.612198024158925394e-03 1.218737266979720915e-02 1.359632122435395704e-02 -2.681711486418048712e-02 -3.733450312188082293e-02 5.902612552896795961e+01 3.924699058468251422e+01
3.254097961222972291e-02 -2.258484972690543574e-02 -2.783719371470415229e-03 -3.420557613831475517e-03 4.557142681024807865e-03 2.425212009803947785e-02 -3.471097907694458556e-02 7.050210240062406916e-03 5.359475192339304783e+01 4.306077639815320879e+01
2.290658424971512078e-02 -1.230623871141037218e-02 -1.283545878434275318e-02 -2.460019225485975125e-02 -2.484579117172761378e-02 9.434770612819980834e-03 2.696902821830951535e-02 -1.560511379592194630e-06 5.345374850202623662e+01 3.369170379067383436e+01
-2.794501477856187535e-02 -1.346728988494228819e-02 -3.856644453432645642e-02 2.778840021280669023e-02 -3.716463075084951856e-02 7.392612794567068185e-03 -2.350375764048630647e-02 1.974006378301487730e-02 4.800678288825602635e+01 3.145199759656034288e+01
7.566697043169572567e-04 -3.967335601832404877e-03 -1.624640691936476630e-02 -7.022133584534301885e-03 8.957720387012592725e-03 -4.962262372586129754e-03 5.789496851137214406e-03 7.425957562045497340e-03 5.304853826625095792e+01 3.396428049465999521e+01
1.474386488287658843e-02 3.248963809529084590e-02 5.045177872264960950e-02 2.170146735749278397e-02 1.579682333156851026e-02 -3.490018157919006631e-02 -1.541483416870379972e-02 -8.347972234159612218e-03 6.434623329627959265e+01 4.154966376882747880e+01
2.415886187788570533e-02 -2.595951833828882491e-02 2.033301906838252959e-02 -9.121452936332097305e-03 -3.918482059619099456e-02 2.088353380559741443e-02 4.269711896933408440e-03 -1.561511348158996920e-02 5.087064850681581873e+01 3.740728684991248087e+01
5.970667578211205726e-04 5.769092205406638890e-02 4.851279120979829634e-02 -4.485110113806652782e-02 -3.551756287567244853e-03 6.236879457859637044e-02 3.277060836933055887e-02 -4.262481030866107495e-02 5.005764578104674456e+01 3.842964357066851733e+01
-9.680775674516976098e-03 4.448175939863559247e-02 2.253443999467654238e-02 -4.240389885733558337e-03 9.489763092518883197e-03 -5.298351087830771057e-03 -2.405810220636544171e-04 -3.882430368546179594e-02 5.312395244735243693e+01 3.594408551389036433e+01
-4.491175808200021692e-03 1.280186276174130784e-02 -3.094190780152744624e-02 -2.142200434172209303e-02 -1.124979376628849892e-02 -4.768055231202113914e-02 4.218041414686613672e-03 -2.624049956271388637e-02 5.318867032685782448e+01 2.504399419550985328e+01
1.355371166514630389e-04 2.719673571496474679e-02 -1.612885791515161066e-02 5.809486225754921691e-03 2.092558912689028786e-02 2.538641332465186792e-02 4.003744803019865066e-03 5.185906443272578041e-03 5.339443057468250231e+01 3.859116397838062795e+01
1.039801558571610109e-03 5.901636238613354804e-03 -2.475745095560020689e-02 5.683684057358671243e-02 -2.960576040479906065e-02 -2.324627803144191894e-03 -1.485353052561954115e-02 -3.209979308955571153e-02 5.523976791334183645e+01 3.792863653089007414e+01
1.208484504860414532e-02 -1.128616797150527483e-03 -1.581553800808485274e-02 -4.570783978400575626e-02 -3.795631823567284513e-03 -2.252854894770295324e-02 2.037050320980764856e-02 -2.885959769549222009e-02 5.581381500988626954e+01 2.776599075038623354e+01
-1.480851376473698265e-02 3.023553638563677981e-02 1.032891707565477407e-02 8.034518838140524907e-03 -1.284093119478184677e-02 1.148296248243913659e-02 2.564829842420289149e-02 -1.517842812289402210e-02 5.166765981271228014e+01 3.875509431151837703e+01
-2.332089088019818554e-02 5.386329654475326828e-02 -1.054298587015735540e-02 3.048325442539539035e-02 2.100138082817050791e-02 4.996811743948966628e-02 1.602184804227298892e-03 -1.316038872205052036e-02 5.508469379480347072e+01 4.396371244356893015e+01
1.620420455474257809e-02 5.253365584546769787e-04 -1.680534906275580644e-03 -4.077667224899000215e-02 5.194759034259835428e-02 1.038823809075381521e-02 1.583709049968460431e-02 -8.903488978834219608e-03 5.843662389102896526e+01 3.483977558171478250e+01
-1.427140965857188852e-02 -1.240597998670387239e-02 -1.326891691432594868e-02 1.475177249793284753e-02 2.795229861073994168e-02 9.174957241959120352e-03 -2.245128826675008710e-02 2.253211148771468164e-02 5.185222590879956073e+01 3.628995536240143593e+01
3.456121257572818822e-02 -1.264132502024758846e-02 1.752974863382622886e-02 -3.424479094839367327e-02 -2.825214116106953416e-02 1.616760880151404305e-03 -3.342853141205121004e-02 -1.742315078674235018e-02 5.148691848749817268e+01 3.341764787299063499e+01
-1.627823255163508148e-02 -5.135838882543756166e-03 -2.479272958638496782e-02 -3.027915108722075213e-02 -1.785867159042144395e-02 -1.154057144205465624e-02 2.294390414907360089e-03 -2.673507742957639301e-03 5.277325666456846420e+01 2.600120473741984384e+01
1.413622673437111080e-02 7.190726776506901896e-03 1.408718320651681545e-02 1.211026381425937305e-02 2.787669490735352265e-02 -4.901083307661624131e-03 -3.639821284907836241e-02 -1.421840275293973291e-02 5.775510197594796580e+01 4.181722586564241340e+01
-1.608422675226265849e-02 -2.675883306216200394e-02 7.967745427017881160e-03 -3.662429972739243006e-02 5.387315137681211209e-04 -5.666807187322009734e-03 7.553649774917570170e-03 -1.608863213915059237e-02 5.080445269171896427e+01 2.873225523205330134e+01
-3.777332633141477353e-02 -6.276687198395158353e-03 -8.297672108838166638e-03 -1.399309268709345543e-02 -1.770617185567618587e-02 1.069677224640730451e-02 -3.046114594247343807e-02 6.676369307102115146e-03 4.839643674090703485e+01 2.716759899820837276e+01
-8.849408937392087143e-03 1.008154056977779781e-02 -3.368435171141562104e-04 -1.026870030682603026e-02 -2.677307579418046132e-02 -4.243047122544753302e-02 -1.570029350532535506e-02 3.228001075008362503e-02 4.773865921446122229e+01 2.689268858147818975e+01
-6.353496259439536838e-04 -1.178113833794668455e-02 2.327179907084638358e-02 4.210524714165631011e-02 -5.647764797637633283e-02 1.557586465518082629e-02 4.144616834459059762e-02 -4.720696216296490187e-03 5.854678272259099003e+01 4.033253990622993967e+01
-8.676147781521512808e-03 -9.287951890271010577e-03 -2.162819171774365765e-02 -2.123662850479447750e-02 9.290648211573835150e-03 1.586841306948643445e-03 3.858518328145141979e-02 4.591430075412564205e-02 5.422551346521638038e+01 3.094872769529525769e+01
9.530493010875979712e-04 4.022174668667229114e-02 2.832555969281307096e-02 1.515482881118638582e-02 2.663644575180274671e-03 -7.696016983995427642e-03 2.820342676166897114e-02 2.531544325171664056e-03 5.820697682922259730e+01 4.114594430581103524e+01
1.848882941049104917e-02 -1.633799695038174599e-02 4.375387537475360772e-03 5.426602956575639868e-03 3.684226227220126909e-02 -4.975138080537595126e-02 8.119271742806079620e-03 9.113032314018871746e-03 5.486655897310762242e+01 3.678134862917386272e+01
1.084407533809804251e-02 1.064391068358177227e-02 -1.535261584539426849e-02 7.293010862930304414e-03 -2.613607685272068340e-02 -2.597886141557090647e-02 -4.546139567115335851e-03 -2.523180903916430115e-02 5.028877284856731933e+01 3.154070277323192073e+01
4.152986105244115683e-02 6.118501053665988468e-03 -1.461708114788596788e-02 5.229689062235516259e-03 -2.465953810847304126e-02 -1.583822482166008516e-02 -9.396112379406148726e-03 1.298856040245263861e-02 5.225164177157378731e+01 3.642986606723615495e+01
5.033527495453955780e-02 4.925174259123581144e-02 -1.921656734286329715e-02 -7.996774580988322452e-04 4.536042551526733857e-02 -3.350436253923436136e-02 -1.432765211803609107e-02 -5.281428392537462942e-03 5.872327421130967195e+01 4.105662241446095351e+01
6.455203556037324326e-03 -3.381041204958104562e-02 2.635456834366716253e-02 3.257803908547424881e-02 1.139574639858688789e-03 3.021669916675645551e-02 -3.623833269091204096e-02 -1.558277871019441395e-02 6.173067687367353074e+01 4.641225306581885945e+01
1.872094038665316623e-02 -1.648883838562567594e-02 -1.869487607455081607e-02 9.324938841930524927e-03 -2.244628820704858835e-02 6.077681540073258393e-03 5.150798067587738192e-03 -1.427131600590245651e-02 5.131731549318568852e+01 3.929519908744241974e+01
5.477357186223819757e-03 1.775336614726026954e-02 5.538403591722043662e-02 4.483534201698329696e-02 2.748309940160173666e-03 3.353829060546825377e-03 -3.754864065808944523e-02 -3.572891259898915844e-02 6.864302798189575583e+01 5.025343883094994624e+01
-2.900658240920509640e-02 4.173634194212769849e-02 1.028187747916519540e-02 9.968995038949645185e-03 2.587115219330692138e-03 3.755078622599131166e-02 1.283806659436795283e-03 3.462596940397488776e-02 5.228828961195703329e+01 4.302993870951984690e+01
-6.234451686093323008e-03 -5.251244819884993628e-03 1.625532237559708382e-02 3.334338137056330319e-03 2.540075879474092135e-02 7.050819432019076599e-03 1.463314223008326496e-02 -5.258121768275910574e-02 5.454490539715670394e+01 3.452588062690273318e+01
-4.925921265042029762e-03 2.254395218283521130e-02 -1.725489475158043656e-02 6.028929154663189086e-03 -3.818049096697948008e-02 1.190102475914838094e-02 -2.949770825077457567e-02 2.844597119540742333e-02 4.885612694286547963e+01 3.779097768772680865e+01
-8.480217477087655803e-03 4.423047112557108862e-03 -1.311192594163687955e-02 2.556069062998551911e-02 1.319325120874682497e-02 2.394932830521916828e-02 -4.800439859308561034e-03 3.959944494312698376e-03 5.350512699392295701e+01 3.838854762750810323e+01
2.452482394757149464e-02 3.481412940888121976e-02 -2.548049130404562296e-02 3.843395399512415222e-03 1.089239012708743091e-02 8.440618723828249501e-03 -3.160593052784228113e-02 1.500603158930191583e-02 5.539061239606046882e+01 3.735136343577654117e+01
9.534819062679243673e-03 3.567436402154415542e-02 -5.386606835531198428e-03 2.296732579656725684e-02 2.743680536667244749e-02 1.690032385053628905e-02 2.098653316201697788e-02 -8.730744938660630478e-03 5.647333127064849378e+01 4.199382806600068818e+01
-2.065573086030409941e-02 -2.163508772879500167e-03 -8.150184370838116713e-04 -2.519618871728685622e-02 -1.623492755633728496e-02 1.400805001003399552e-02 7.163551223963828159e-03 5.552686389202751878e-03 4.998660974613729024e+01 2.796251637997704265e+01
1.208359287250803001e-03 -2.148475808636424178e-02 4.849753519673721813e-02 5.177141767398448641e-02 1.083126564620327283e-02 1.951209203609050730e-02 -2.470185171667981308e-02 -1.209985782343623271e-02 6.919444020154166708e+01 5.087009728431985423e+01
-8.227399058744633981e-03 -3.305409807454789267e-02 -9.964012558900066374e-03 9.899510898412023849e-03 -3.253696835088583372e-02 8.603929132846254574e-03 1.503544019746626791e-02 1.522770570368885048e-03 4.763729035315358118e+01 3.094689891399161041e+01
-1.463787785994580259e-02 -1.919029716148868987e-03 8.835000328131201869e-03 8.140726776756451732e-03 -2.003097681876702795e-03 -2.573428465049124383e-02 -1.290554349909192600e-02 -6.248456833226839410e-03 5.133716156641568062e+01 3.295798638013356907e+01
-1.084317488352262715e-02 -1.948846324813385822e-02 -3.008406151233218931e-02 -4.997365760169308717e-03 -3.450544963737416093e-02 -1.426303073999774830e-02 1.670503120667468644e-02 -1.392002954794026130e-02 4.988736637131474083e+01 2.309552666534302645e+01
-7.877135893840040565e-03 1.664902684854753859e-02 -7.054829034156910247e-03 5.373839719339162718e-04 1.460321375542134904e-02 -2.000039400568336470e-02 -4.329075656528819788e-02 -1.102736173335524400e-02 5.095608936929475163e+01 3.279307278272025172e+01
-4.500782336971397880e-03 2.493077533115952218e-03 -1.796997795368785594e-02 2.800485142479517200e-02 -1.689840599553143682e-02 1.852982311815519782e-03 3.966434126722404030e-02 1.638594301987024784e-02 5.101263603570642147e+01 3.537338227350053899e+01
-6.303120422056004025e-04 -2.797302193596701639e-02 -5.212172884200241829e-03 -1.064200064217790329e-02 -6.808852155184646170e-03 1.408571308654957450e-02 -2.766723948412802211e-02 -3.541289523824943386e-02 5.105581071274351501e+01 3.531777336762750963e+01
-1.868336044519935610e-02 4.464298230228310599e-03 3.487217518677972888e-02 2.280218626538195979e-03 -1.764560053778067850e-02 -1.094029010577220878e-02 1.206419920594174744e-02 4.102353417338289870e-02 5.325745412532943845e+01 3.753057618148547903e+01
9.754300424076215587e-03 -5.299211011246637154e-03 -4.130990563333761766e-03 -2.110736911281137912e-02 -1.492427693713533135e-02 -1.974714378659774699e-02 -5.975854997539577218e-02 -7.441968016674008722e-03 5.163527143303793565e+01 2.805992148576341449e+01
2.482035844895833648e-02 3.579369500300944723e-02 1.050506902269233642e-02 -5.427361716903555955e-03 1.340809433099135993e-02 5.703848312947372955e-03 -5.993189040434772179e-03 -1.663801826047835511e-02 5.370615795506818557e+01 4.149675284792633079e+01
-1.809755792516380690e-02 -3.505582423648411416e-04 4.261323406054916968e-02 2.790814169107862230e-02 1.353843623700547996e-03 -1.485972893181968478e-02 -2.969811198027525086e-03 1.713555466091094392e-03 6.090905642605019921e+01 4.046211574732482319e+01
-4.108374257907872890e-02 4.901773461925977397e-03 -1.908674712563996831e-02 1.239142757781307343e-02 1.974070377187704672e-02 -3.502702661289690961e-02 -9.879172432758988667e-03 -3.481147649219138579e-02 4.873638402891142363e+01 3.124564518081482234e+01
2.868359594916670342e-05 -1.815923780337281787e-02 6.180950821798104899e-02 -5.408443911047837623e-03 -3.458969712208203456e-02 -3.532257202592715278e-02 1.192675673596125391e-02 -2.104347311322359720e-02 5.595989814732168099e+01 3.264597818280493158e+01
1.476706157182832747e-02 2.629181382973454911e-02 -2.041088659833588739e-02 2.468673249173477038e-02 7.307553555683557467e-02 2.215766091091899304e-03 -3.813151939649201544e-02 6.009103751489702078e-02 5.729615822145379411e+01 4.199855137731159971e+01
9.891523788474944345e-03 2.922348838481578226e-02 3.062442689011954378e-02 4.566101466001445952e-02 3.887858416229890424e-02 -6.678147150077863928e-03 -1.760741695638805282e-02 -9.443673277572284253e-03 6.704849425968031085e+01 4.948383856041938600e+01
-4.679616202986410824e-03 -1.399920676573155470e-02 -2.218115211130103088e-03 -7.745293038017554699e-03 -2.421944089840255988e-03 9.978207482018271873e-03 2.710357390111674952e-02 -1.375902419628603768e-02 5.055672339432040019e+01 3.414491934882966717e+01
-2.617349858934272730e-02 -2.232996794463027596e-02 -9.597050473555657560e-03 5.862188757806668232e-02 3.837265450334497200e-04 6.423713510970639751e-02 -4.329824852566162979e-03 4.353130829619773073e-02 5.899836623149605686e+01 4.603438094281009541e+01
2.929714608170815721e-02 -1.973845196834971005e-02 -3.079618599791450126e-02 5.656093300081014782e-03 -5.201037936578081517e-04 -4.556125572507721544e-02 -3.177229800339365084e-02 -1.625538897622767417e-02 5.458396254885228416e+01 3.110975140495836655e+01
3.323930364170585294e-02 -2.257081265174996215e-02 -4.105788876856270725e-02 -3.169960556795719392e-02 -2.267497902030596660e-02 6.205051887888345802e-03 2.100909326152778506e-02 -2.898420692788804959e-02 5.843035002339079398e+01 3.064238683751718995e+01
2.189478577051213321e-02 1.050329378701194381e-02 -5.188182715076046503e-03 -3.908128573414938224e-03 -1.974578383312947799e-02 2.706091674038086509e-02 1.766482442305832012e-02 -3.794098242257950768e-03 5.154008429294174221e+01 3.935417947734724464e+01
-2.818224208886286122e-02 -1.198300639336810636e-02 4.166389269346541802e-02 -1.954357297768971255e-02 1.014485765462404092e-02 -9.917394728745873925e-03 3.852632277395923871e-02 -1.162475635421948879e-02 5.149549461331123723e+01 3.301542080362023768e+01
1.342341295462710655e-03 2.338999063712688189e-02 4.301258112119487470e-02 -2.856774957789930819e-02 1.189281759043214716e-03 7.883008593350362275e-03 2.153742933808375291e-04 -2.740544981370488659e-02 5.175739811270864266e+01 3.682735321077070978e+01
2.041645467490915689e-02 -1.535111277311637656e-02 1.748189152706346519e-02 -2.751621438972706377e-02 1.495162064166598304e-02 -2.534188496600933704e-02 2.807717605851533030e-02 3.410376455128166610e-03 5.222327159803658958e+01 3.050208946702686319e+01
-3.294794705873995951e-04 6.280931916289591958e-03 1.561640711520574133e-02 1.384446943959130247e-02 1.873312769917481399e-02 -5.462772860000191140e-03 2.289475288274156299e-03 -1.635892126939751667e-02 5.631150143796704555e+01 3.901297987113736809e+01
1.284359159514376382e-02 -1.501604260522188677e-02 2.974410710494237997e-02 1.253300410455664496e-02 -2.670399146313897146e-02 3.235239677370215644e-02 -3.018662426950220398e-02 -1.228666780613035456e-02 5.708016970836995085e+01 4.549782775996158080e+01
-8.849262249287843940e-03 1.542909871514613201e-02 -2.260259633520182720e-02 2.625377343591865295e-02 1.974420302919564080e-02 1.061447684183588168e-02 -5.515346765188754337e-03 -2.423082198385218423e-03 5.232842942895918981e+01 4.070093153582133283e+01
-3.548668412695371848e-03 3.281653784864618784e-02 2.628307025977954722e-02 -1.309790260965652863e-03 1.766061641382811812e-02 -1.021215266579765350e-02 -9.533078748204778033e-03 -1.042436873043918466e-02 5.472140251573267733e+01 4.037775811031909257e+01
1.662052621128090385e-03 -1.565641434765392692e-02 -2.085145784494321988e-03 -2.983554288948172400e-02 -3.778790184099373867e-02 -2.619898400323559043e-02 3.322749254019746745e-02 -3.311680209633300481e-02 5.001371749359735475e+01 2.662155193112153384e+01
2.814778457831446784e-02 2.243752369929356838e-02 -1.351531649154755774e-03 3.129826533811355671e-02 2.029118834798063903e-03 4.146168895590585622e-03 3.445537101213579090e-02 -1.807314720382454884e-04 5.842651487927009413e+01 4.652163601926375947e+01
1.017133593434236052e-02 1.870150402412361790e-03 1.865031743147096271e-02 -4.977021306966207537e-02 -4.521596016530794043e-02 -3.131319531714468751e-02 -1.376499949972912959e-02 1.854106821525523807e-02 4.914033531624140494e+01 2.294833953434610052e+01
4.862480342686969700e-03 -2.399627552040599094e-03 1.290104251977631199e-02 1.259897933498384248e-02 -1.514380750176507959e-02 -9.919023703478564366e-03 9.283689433206584671e-03 8.080900930702931625e-03 5.344870218244965798e+01 3.597636545676964914e+01
4.543479923709146939e-02 1.316050880881668855e-02 -1.831755562633862605e-02 -2.101327135515264691e-02 2.798330278574327529e-05 -2.428045766234238588e-03 -3.830546019820963571e-02 8.450147278429938260e-04 5.677270854793394506e+01 3.751745563425114227e+01
1.204625792374392108e-02 -3.667144145754230172e-02 -1.438632926361570197e-02 2.998091863921300768e-02 -3.650899274070965733e-02 -3.937866406271884126e-03 5.186801810748996322e-02 -2.496291412330117754e-02 5.220869712185979239e+01 3.821226057848907942e+01
1.819223152719518302e-02 2.333710228653974525e-02 -1.217527363817160792e-02 -6.987529791119347251e-04 3.123185700254767563e-02 1.644400271044449066e-02 -2.842344261621359419e-02 7.598944765047334349e-03 5.550241140500357062e+01 4.237332567216450485e+01
1.572131397843021250e-02 -5.817754581900167442e-03 3.630457127392816563e-02 1.300174410896966747e-02 -8.024234242747325593e-03 -7.205555821717930451e-03 -3.470205677970370460e-03 1.733281497205171884e-02 5.890307246450456091e+01 3.970185965297461195e+01
9.448547857220660623e-03 4.233220467690868710e-02 4.711893001319734930e-02 1.173376055486738401e-02 4.645630845441720697e-02 -2.326559513437783527e-02 2.111108349054163433e-02 7.033363862050339040e-03 6.336697195809776417e+01 4.559544784961068586e+01
-2.772939618117280583e-02 -4.057410074731215149e-03 -2.991081075444568249e-02 4.255325993048663172e-03 -6.631552250660646512e-03 -1.203923646645795693e-03 -2.330418433647353516e-02 -3.437242081901622278e-03 5.054601605177338541e+01 3.184998532860824128e+01
-7.838708631793691803e-03 2.339890065962375171e-02 -1.302627075109596619e-02 3.914962580965983263e-02 -4.686799527733685050e-03 -1.629208206230774517e-02 3.548731334117147945e-02 -2.233629641470656537e-03 5.423573268683168180e+01 3.936395143738531033e+01
-2.390715452221755730e-02 -8.031726085470486040e-03 -1.332007487745699020e-02 4.145646184702725390e-02 -3.766267568382219988e-02 -2.077500698936736792e-02 -1.914981705339941984e-02 -1.079087269640826088e-02 5.179671529606981295e+01 3.139018598590594777e+01
1.297499171588509248e-02 1.176997540350341841e-02 -5.525429599577903923e-04 3.322551414962258975e-02 2.510152914447359718e-02 1.466002908140266216e-02 1.139321857146478878e-02 -7.182457567363009603e-03 5.955289197568969684e+01 4.407509597143064184e+01
-6.315157203579746525e-02 -2.242421452709651708e-02 1.731717335821575041e-02 -7.444937938671824726e-03 1.274376751937793782e-02 -2.660196240497933809e-02 3.057509189251895326e-02 3.366242432657055861e-02 4.691805965848905657e+01 2.660559539626887471e+01
1.009019664692624961e-02 -3.157765864107282133e-02 3.850061871386820881e-03 3.927776818066147646e-02 -4.476927515117713058e-02 1.916047169954585494e-03 -1.020224492662658890e-02 1.293402014043866684e-02 5.634036429770412724e+01 3.800092161577334338e+01
-2.973455470339635143e-02 -3.246301279491380781e-02 4.952457089240924065e-02 -2.002527104943417277e-02 1.504811141741174349e-02 7.470162214077022411e-03 -7.386250670586447069e-03 1.250967100338576388e-02 5.302084023183068240e+01 3.557792920178516738e+01
-1.676081030661860302e-02 -3.457810660884334114e-02 7.201110716883470098e-02 -1.255141419737571679e-02 -1.950220249609053991e-02 2.162681106681068124e-02 -1.248789098670722089e-02 3.412588443755461276e-02 5.714954266470726196e+01 3.674796191561731717e+01
-3.835011927139115456e-02 5.486294155905208775e-02 5.951080859648034266e-03 5.577767900087826636e-02 2.422817822432855525e-02 6.893287450101578950e-02 1.510318674546348196e-02 3.115557124350873744e-02 6.230201079538968401e+01 4.990841512011099468e+01
1.110560109935158045e-02 1.556527424184246840e-02 2.594024406713603750e-02 -9.102471519477286707e-03 2.346468498100340652e-02 -1.850897559216271859e-02 -2.720256770733530532e-02 -1.446704043980746174e-02 5.441527017575565139e+01 3.873360316687341509e+01
1.911403591409548824e-02 3.286916982095968972e-04 2.009963239510897601e-02 -3.570415147578095971e-02 1.565609658572813048e-02 -2.257303858057553569e-02 4.165987793819329876e-02 -5.938821940009703267e-03 5.339662476172021144e+01 3.600901733212900524e+01
3.436277124021452217e-02 -2.422655094762852634e-03 -1.328440955729127092e-02 2.844906088142824981e-03 -8.222160065025258674e-03 2.791946555656825684e-03 3.514930053281154539e-03 -4.973566420847595759e-02 5.307110771045927322e+01 3.672255958304268120e+01
-3.779658167656940043e-02 4.967019827503135927e-03 8.320335253169937155e-05 -1.408332029966347446e-02 -2.127626519104277875e-03 -3.159838398980681362e-02 -1.862357718411288693e-02 2.419651642506881126e-02 4.779933234098871964e+01 2.016260421290137828e+01
8.582132979182813953e-03 2.411620296207507910e-02 2.592442514084612910e-03 4.349642468356318403e-02 -1.305745359814071763e-02 3.237178090487516629e-03 -2.491572911109483923e-02 3.540310281020964123e-02 5.897625733374738388e+01 4.310161008311531106e+01
-2.884322601095195421e-02 -5.311420011228148996e-02 4.123026120537913453e-02 1.674886514886643821e-02 -1.548176522110497914e-03 -4.708382496626962316e-03 5.235700584238173888e-02 2.420395562266404454e-02 5.768525603016329484e+01 3.548258683668764490e+01
2.375555711520840538e-02 2.853684828348646008e-02 2.406289198669640111e-02 -5.655975926218776567e-02 -7.160432095360422244e-03 2.139013811335968226e-02 -1.346163558014259153e-02 4.295997092299531223e-02 5.361114474301715660e+01 3.315589357743461818e+01
1.416384815914616601e-03 -2.120276522145106077e-02 3.580372111134910718e-02 1.727308181319568009e-02 -4.992497382406920620e-02 -3.987245449538674019e-03 -5.239031458802585230e-03 -3.714170502958528269e-03 5.606579885720297796e+01 4.021397876896838852e+01
1.215084885153061567e-02 -1.950845756847167933e-02 1.199735837414476515e-02 3.360737414264687584e-02 1.658424143339341794e-02 9.475819920934948001e-03 -1.648632558265133649e-02 -2.970568721475598181e-02 6.082001967311827428e+01 4.659533963687571401e+01
7.380075866203743978e-03 7.427924870956575769e-03 1.574904844404680527e-03 2.122875963136439809e-02 -2.823596890297271067e-03 8.327329744531666855e-03 1.020724843356137466e-02 -1.648173071985025925e-02 5.488003804688548115e+01 4.210457702785034684e+01
3.961947418710692198e-02 -2.151495282163750494e-02 1.398299456842918946e-02 -1.377298175569446718e-02 4.539824545100726999e-02 -3.057277762039035951e-02 -1.177720555961743291e-02 7.602683772107363125e-03 5.510706488736563102e+01 3.804490020700482944e+01
-2.846586460807267599e-02 2.727517938080483567e-02 2.508758869938470040e-02 -3.604061228959352936e-02 -1.789718980971129539e-02 1.013632617697218276e-02 3.390172514108882960e-03 8.600887608554033323e-03 4.677489092790281688e+01 3.187516706773699227e+01
-4.187396375500570221e-03 -1.309615062674070012e-02 -1.169438581118036058e-02 -2.713731310551813214e-02 -8.303507027996759327e-03 -7.089630752273992642e-03 6.605683009041509075e-03 -2.549674891810946656e-02 5.280841226458369420e+01 2.919354057487747767e+01
1.078671732113785364e-02 -2.773597477926139157e-02 -1.318876448762480377e-02 5.721206110878652995e-03 2.390873033695171263e-02 1.586611883568920384e-02 6.852843030030450304e-03 2.843849465070583463e-02 5.405272339567426343e+01 3.737704652573616215e+01
9.121026353546743057e-03 -3.937985315829216348e-02 -3.324267870012442144e-02 1.196295566166882991e-02 3.458158607836146238e-03 2.853645369340737994e-02 -4.553897576710359482e-03 3.270155652417567303e-03 5.402531362159982820e+01 3.931571770891863338e+01
2.873136943339393498e-02 -7.409794396446288921e-03 -3.993986383656820960e-02 -6.898527216474683666e-04 3.569704947060633321e-02 -1.548897211155217217e-02 9.015349923689111936e-03 -2.863524739105068745e-02 5.897825399419580350e+01 3.691864507439103704e+01
1.298122615594788547e-03 4.516482676428090759e-02 5.977975440079074526e-02 -1.299086537421608942e-02 -2.895497506099571280e-02 2.079221110264845712e-02 -5.952928785832635634e-03 -2.494152365002639052e-02 5.578294079320204446e+01 4.257562754359967983e+01
-2.655175241162305994e-02 1.739168333861546012e-02 -1.312841863711166658e-02 1.819508460703675098e-02 4.679662088410797838e-02 -3.991884241397603418e-04 -3.167007184627598781e-02 3.511689006184130768e-02 5.243149217267130524e+01 3.615432036027143425e+01
-8.934098408445303313e-03 3.183018291494958685e-02 -1.487195905318048142e-02 2.150340404939660166e-02 -3.046773209707358265e-02 -4.565371661304045564e-02 -1.360095742571484391e-02 1.794639795214128183e-02 4.849563834183516775e+01 3.233961306733307595e+01
3.916467488932161983e-02 1.105043514795490955e-02 1.552726001576879185e-03 -4.243389755693529469e-02 2.209930652490763731e-02 4.173460701414748869e-02 7.592666982893477197e-03 -2.708514089309394315e-02 5.864021408914543798e+01 3.765313622379670022e+01
-3.574042148801701707e-02 -1.349806341854433919e-02 -1.385681021234719604e-02 -3.319106551036935665e-02 -3.481800792349348805e-02 1.249204516680737544e-02 -8.676214727771682997e-03 -2.777813163209277847e-02 4.995064998176514592e+01 2.214610772052696319e+01
-1.437426846941146016e-02 4.937696815187277155e-03 -6.443782538061462728e-02 1.250982315411945309e-02 5.812787064174012057e-04 -2.078958535193639254e-02 -7.074730455402669996e-03 -2.185611208674617667e-02 5.486819862235253709e+01 3.068322296283712802e+01
-8.968988062643510825e-03 3.847596310999212149e-02 -9.616687103421624194e-03 9.476027043466565131e-03 -3.551934114833038558e-02 1.231932935551915791e-02 -8.837310521365033741e-03 6.569374745061578626e-03 4.747101569669306542e+01 2.856894922414193516e+01
-2.587722925824208903e-02 -1.772633742050596858e-02 3.969074131771822139e-02 -1.566605584453666100e-02 9.584690153865775900e-03 -4.807362067874484924e-04 2.440696043408891944e-02 -1.284166721322342782e-02 5.220229410453871566e+01 3.864994910395649441e+01
-1.823695141154019553e-02 2.993946762456718702e-02 3.255946882544160162e-03 6.330267814556881679e-03 5.603536270062771385e-02 1.603149627037362898e-02 2.416559553291025564e-02 5.099314542782020475e-03 5.452141363148473374e+01 4.195904591983550347e+01
3.885442279005142663e-02 -1.946675414153552219e-02 3.766747614433587320e-03 3.484001581928648783e-02 2.716440128313199823e-02 2.662430167552510760e-02 -7.487765461830699944e-03 1.254656314348293403e-02 6.240339212102482236e+01 4.954121884111950180e+01
1.095237060093668530e-02 2.646808474989482962e-02 5.736311463188558529e-02 -6.130826022979798430e-03 2.048720970549852000e-02 -4.057205755324112643e-03 -6.708108386798109120e-03 -1.888997606062792212e-02 6.066153815697302321e+01 4.268494658264285135e+01
-5.573694450623804808e-02 8.333643711716489516e-03 -3.550595921988310838e-02 3.987959660775927152e-03 3.344675279321522587e-02 -3.849955527823405166e-02 -2.132020140675779715e-03 9.995879912470568771e-03 5.133052164111010995e+01 2.621986328883452799e+01
-6.224940663128230266e-03 -3.998483401356140582e-02 -2.129632547542075621e-02 3.003431584034041077e-02 5.996335172028770255e-02 3.343299727630317381e-02 6.634059389181708871e-03 2.189323263936338720e-02 5.667989654704732772e+01 4.758104775189870139e+01
-5.218408765523273633e-05 -3.932324108996640422e-02 -4.723461469915177062e-03 -5.305149872369404468e-02 -1.251716159275564205e-02 3.014215614647472799e-02 4.185230597026042693e-02 -3.634922882627374119e-02 5.460219109726362774e+01 2.822877038640951142e+01
1.682723249314577521e-02 6.732974743578195621e-03 -1.601437082226398953e-02 2.419330997535565006e-02 2.105520467448811564e-02 -7.668381981499456518e-03 -1.097496721776927177e-02 -9.961112566442350755e-03 5.446564217069899172e+01 3.918718917763047926e+01
1.562427829983335272e-02 1.483272807208583718e-02 -1.015203685541642142e-02 1.526266111058192064e-02 -1.514855777002746713e-02 4.184442586247615059e-02 -3.239911000135105735e-03 -1.034176272464236868e-03 5.202028050560030437e+01 4.128659210949716396e+01
-3.949768413901874609e-02 3.319151984963968245e-03 -4.794276562307805446e-03 -3.997476046555285475e-03 1.312623260054649084e-02 -4.568122333364734236e-03 -7.506250918396172381e-03 -2.441197627869660762e-03 4.855357449943432613e+01 3.248434867457741859e+01
-7.786751975722671672e-03 1.010860605545715191e-02 2.227468971743113910e-02 -2.698228781544798754e-02 2.678429605289711288e-02 3.914085753842826837e-02 -1.168265733936101058e-02 2.478980036670711679e-02 5.155380008959586746e+01 3.783998129053542669e+01
1.077318404056144992e-02 -1.410163711763619265e-02 -1.457639312543337288e-03 -8.914989777819036509e-03 2.877969211934752487e-03 -3.411570843379810314e-02 2.244158288184248951e-02 -7.292120528562285979e-03 5.131374558024867838e+01 3.329904176554629203e+01
-1.286160711505380042e-02 1.659366163302536043e-02 -2.686014368563685237e-02 -6.172705012940300773e-02 1.833893033060663910e-02 4.338483309617796428e-03 -2.046423526731900797e-02 1.778090619827817943e-03 5.853060470601317178e+01 2.483056011289793119e+01
1.148674204370470769e-02 3.939102083603280430e-03 -1.764820865814263270e-02 -1.174996375995523631e-02 1.338079258037356938e-02 2.200458655143645251e-03 3.082345400559338353e-02 1.332466820433791770e-02 5.471216367266536906e+01 3.229490100969318433e+01
-1.947404596872609125e-02 2.722436254562175112e-03 1.303423700376778009e-02 8.431259667748316686e-03 -5.097947357872951307e-02 -5.906793340407919674e-02 4.453368206592110690e-03 4.023719925751835513e-02 4.816986552569181868e+01 2.410269620723457962e+01
2.459109370657899460e-02 1.174536680030018043e-02 1.103260671341205722e-03 1.028902063091147699e-02 -1.891121277997262484e-02 1.151791201392226259e-02 -4.186288075953698701e-02 -2.049041249731639591e-02 5.290284158928538716e+01 3.864730021473447863e+01
-6.389857716010983665e-03 -2.869893752040666643e-02 -3.326283303809644820e-02 1.980404205079918864e-02 5.913778823382810461e-03 -3.720444004980055092e-02 -2.139153549745865732e-02 5.214107571722801857e-03 5.169886334720198562e+01 3.181157909303723486e+01
1.992297935248997509e-02 1.291004990741353650e-02 1.966511167298698806e-02 2.804892876382955591e-02 -2.270043630073651647e-02 -3.487872370458174054e-02 -1.520447850203226689e-02 -1.818251146243443986e-02 5.819983149902884634e+01 4.103663313770314858e+01
2.489416591319167441e-02 1.578032502833181389e-02 -1.807653817890114006e-02 -2.632672900627291979e-02 3.658246864218110683e-02 -4.496222515225441890e-02 7.257887789775488256e-03 -3.848431058368072949e-02 5.787701254150833563e+01 3.246101307345853826e+01
1.760786669235349031e-02 -3.385033619414540458e-03 1.249903038697622489e-02 -7.474706758260608831e-04 -1.700003306270781930e-02 -2.233029799900602269e-02 -2.546655946838001852e-02 -1.775655960975098743e-02 5.149907613397481043e+01 3.390730138531905880e+01
-3.492176687758175545e-03 1.499198794485586198e-02 2.466605647349637189e-03 -1.766214796381418775e-02 -7.903607527083878273e-03 -2.857796172665228590e-02 -2.557712509603891210e-02 -2.036241266061605132e-02 4.984668837780053963e+01 2.807777774188996034e+01
-1.352342436771268586e-02 3.223887440954646688e-02 -2.620290739644697692e-02 3.180065297383652140e-03 3.612668908106587973e-02 3.064414328556227911e-03 -1.354982161900787282e-02 1.595456169923838109e-03 5.415730387009442381e+01 3.532582555871226049e+01
-1.878259397897476604e-02 -3.295663832571235630e-02 2.489998169481521043e-02 6.928677730813805058e-02 -1.397325498127333478e-03 4.963710541098945161e-02 -6.424417571241029801e-02 1.072861090947694815e-02 6.713995944387143311e+01 5.171704921052977966e+01
1.241772476769535671e-02 1.309375625943766559e-02 2.951767775836890151e-02 4.778072501592921933e-02 -2.869256876846948759e-02 1.663530161576289024e-02 3.715191617980932032e-02 1.226623900296653323e-02 6.361315381214657094e+01 4.285059516206623442e+01
2.412891711093505601e-03 4.029372643939282267e-02 -2.279438651789506866e-03 1.478139737933396695e-02 -4.858712232437008283e-03 3.950972538932948259e-03 9.297984150356911623e-04 1.644760596324432861e-02 5.256400142865543756e+01 4.088815611546185380e+01
2.792597466040346033e-02 4.706063579795623925e-02 -2.786215486934712215e-02 -1.032146594384523303e-02 3.921776825535339128e-02 3.444105265817691552e-02 -1.445033379523960951e-02 -2.415902950546715278e-02 5.935449758482526050e+01 4.198723132387203805e+01
-4.149648929217751142e-05 -1.698637785056667654e-02 -9.540687265548231794e-03 -5.688843623736794704e-03 6.340425846051407112e-03 -9.143740627744260246e-03 -4.632264347082645090e-02 -2.083740730654972534e-02 5.195060892320325507e+01 3.274789484421897612e+01
1.884403931744782490e-02 -1.702763229443542440e-03 -3.624186363496811891e-02 -3.751593363072590337e-02 4.396834469722175724e-03 -2.226358361548155460e-02 2.157237657655700774e-02 -1.575337539133477016e-02 5.875495874407948804e+01 2.452191659992372408e+01
-2.409689135835395637e-02 5.128578319774179314e-03 1.708713161273171452e-02 2.099724757497117844e-02 -1.304377404585287809e-03 -1.488007534719915960e-02 -6.410019631557261656e-03 -1.485170168212215924e-02 5.473330635144618839e+01 3.573882085080111892e+01
4.356754355934988956e-03 -3.464601156164942575e-02 4.113514842247025655e-02 7.266465881569360644e-03 3.362760091091214877e-04 3.031204455744148166e-03 -2.689506589743964615e-02 1.405970561982388539e-02 5.874480769797403923e+01 4.053323388234943536e+01
-2.430743068373894880e-02 4.979303502823616105e-03 1.565377728641167976e-02 3.716276927896276869e-03 -9.610589333981135393e-03 3.821513816657922530e-02 1.935316591922163487e-02 1.667243781596335767e-02 5.139188936370789662e+01 4.066495627057670248e+01
1.446253161677774415e-02 -3.385355284547699253e-03 3.802110447525619465e-03 -4.209392828550811982e-02 5.564770127388337859e-03 -3.083774432773793428e-02 -4.137391661542858673e-02 -1.817335983078577702e-02 5.390893180515071492e+01 2.930363290671333232e+01
-7.816490792271117358e-03 -1.474664828999301507e-02 -2.948213630336797911e-02 4.031188404783560969e-02 4.285994893898775054e-02 -3.311969182565736164e-02 1.937227087888044631e-04 -1.426075227075967143e-02 5.481416333722407330e+01 3.755170103618137034e+01
1.977730333728306561e-02 2.357117279211818142e-02 2.376056995745610620e-02 -1.488068479758097515e-02 -1.170486234865332660e-02 -5.479720119185625682e-02 2.273476771353933387e-03 1.811542255829069054e-02 5.048542718305800747e+01 2.716608847179428210e+01
5.568172746022022508e-03 2.630991079281694636e-02 -2.308669411083113729e-02 -2.371405742711521145e-02 5.609533111035077714e-03 1.922657399617923313e-02 9.527792019419127970e-04 2.109486292464134508e-02 5.572393701842208458e+01 3.322578313439167630e+01
-4.699249489374508759e-02 -2.355068479079215626e-03 -1.925346896960592954e-02 -4.836823115986563747e-03 4.178845881091556094e-03 -1.672254913904138579e-02 1.582998521769236541e-02 -1.139043662138453268e-02 4.912259067524463774e+01 2.406755656483534622e+01
4.573197281749247223e-02 -5.753262425669408448e-04 3.124476202626872258e-04 1.970284051260205033e-02 -5.208189535196914785e-03 4.566472806286184238e-02 -1.549315528080449401e-02 4.814691463656604886e-02 5.785212173838974792e+01 4.880291201778730681e+01
-1.162202815515400896e-02 1.461969404361065754e-02 -1.916817126898198720e-02 2.123984906036094356e-02 1.681233095170844502e-02 -1.244864204062572088e-02 -8.421171585477060795e-03 1.644842569099659590e-02 5.119806115551605785e+01 3.895051853488719473e+01
1.245821823421697748e-02 2.880722576359490139e-02 9.126840887191371363e-03 -8.179833061802654209e-03 1.257982948019141858e-02 4.377153800863046833e-03 -2.343576957035739886e-02 -2.436816742896093235e-02 5.162106289662654035e+01 4.112008451589359481e+01
2.287228068113876175e-02 9.268979705980041894e-04 -4.425939590205176660e-02 1.296601538641588454e-02 2.053345230661105317e-02 -4.013845073979273315e-02 1.765113463229770309e-03 1.849459074666854816e-02 5.654259996809199151e+01 3.440695086879510711e+01
-1.590884406830101599e-02 1.292189055969370122e-02 2.317709848330305050e-02 9.401937196245145970e-03 -1.594068499532795904e-04 -4.538637182398140568e-02 -1.753872195957613400e-02 -3.437990563889295470e-02 5.361041389892342579e+01 3.225348112871830608e+01
5.058753477475543686e-02 -1.644103665613337291e-03 1.605985614681217435e-02 3.079619282005096464e-02 -1.328794884290854759e-02 3.346083184213157619e-02 3.554765191857137824e-02 -9.567445563305642525e-03 6.219721562702687834e+01 4.994092721778402222e+01
-2.398237516012391782e-02 -5.228961257276879340e-03 -1.153627320910487718e-02 -1.089556004739369172e-02 1.306153678470966042e-02 -1.175375117683939838e-03 -3.912403000137103237e-02 6.040030049380790134e-02 5.134171115985444800e+01 3.337876356993572102e+01
-2.240716726703683923e-02 5.810999489566954536e-03 -7.537346393047711021e-03 9.000539956194137867e-03 -2.600327353991665775e-03 1.275400366020973744e-02 1.565592736993507220e-02 -8.360010105518097048e-03 4.887098476261928681e+01 3.766506667023943322e+01
-1.093037121252725570e-02 1.518067354690823051e-03 3.340354959731783174e-02 -1.707229743783407125e-02 -7.744226844429855788e-03 1.078183837942735257e-02 -5.456452788756695031e-03 -3.861688262975916663e-02 5.125085939918467659e+01 3.657892618187185008e+01
1.960562865377304606e-02 -8.906694198074461069e-03 -4.231819083044995738e-02 -2.453765517187896355e-03 2.231857636410698037e-02 6.207512152962731122e-02 -3.135886777578528184e-02 -1.422687673117026047e-03 5.887098190616398341e+01 4.239115358318024107e+01
-3.193992458514355315e-02 1.570594607469863110e-02 -3.639089726722032764e-02 -1.916904012126952050e-02 2.859781101120230720e-02 2.682706936967074740e-02 -8.626346063561827690e-03 -2.617388591605217078e-03 5.564982194954193062e+01 2.850842556106130132e+01
-1.462916009806103541e-02 -4.437941980268224340e-02 1.357022064393064928e-02 -4.253163896341410899e-02 -6.307770937933633582e-02 1.587043474170385382e-02 -1.490136734394092478e-02 -8.963836179326478346e-03 4.696993976442794860e+01 2.431370525791841786e+01
2.333855343632821114e-02 1.575265169089220402e-02 2.270139588438582073e-02 -2.157966342630293979e-02 -3.927551143711941611e-02 -1.298930359483558075e-02 1.044895139597384372e-02 -2.630339556186466615e-02 4.847947137855864241e+01 3.582593303277842267e+01
-7.397061181655113782e-02 -1.282699151894889887e-02 1.465750985568624147e-02 -2.616608650575080221e-03 1.057874467469302297e-03 1.189409481195170641e-02 -6.631521221186160997e-02 3.476015029126372502e-02 4.630072453519975539e+01 2.554339700560815984e+01
-3.307087586647297628e-02 5.060566401239711271e-02 9.665069573300311828e-03 1.884841845112354350e-02 4.851745893996734643e-02 1.233634351824116314e-02 4.117916355562634828e-02 1.494020762070088874e-02 5.636375482107608548e+01 4.534216937285701476e+01
4.559805835745977393e-02 -1.714093984412606159e-02 -7.942546588722716738e-02 -3.267046754442906598e-02 1.549869545369175067e-02 -5.240950776191685007e-02 3.035240913652655081e-02 -3.508266981525975242e-02 6.557527602753697238e+01 2.554353714704463485e+01
-2.418164927307280346e-02 1.713727824466816652e-02 3.122855095615444804e-02 3.518819028329389642e-02 -5.684933439043918929e-03 -7.023419496132199055e-03 1.299864434525871242e-02 2.844739323561264535e-02 5.957186359105639895e+01 4.012909415010885539e+01
8.309631595006075275e-03 -1.615275387975904225e-02 -7.415638082195342984e-03 3.475723468445401226e-02 3.802218764395410427e-02 1.419356203012586345e-02 -2.430288938346859134e-02 4.326871386372237865e-02 5.900336563354624531e+01 4.348743904221898049e+01
2.213593339635382476e-02 -3.291914910167635655e-02 -8.627336097356016684e-03 1.487080951118133730e-02 -2.118948470531959935e-02 6.555549809827854180e-02 1.534254058412568705e-02 -9.982674302651947315e-03 5.266983656193787766e+01 4.631139090551197768e+01
7.741241516036237447e-03 -8.850677714508694768e-03 -2.308760944591180600e-02 3.918597178618753174e-02 1.900203888569924199e-02 -1.082200528307611896e-02 1.805415838443154286e-02 -7.973450631955154855e-03 5.528476114589818735e+01 4.218940885120174045e+01
-4.773097568677282104e-02 3.233366086925421740e-02 4.175292044157433722e-04 -5.977506063182719265e-02 -4.309111033278988784e-02 1.717579321167363171e-02 -6.505253589670262349e-02 4.141909744316310538e-02 4.871811525716773161e+01 1.850488508679794464e+01
-1.899492356174984145e-02 -8.068940665919375338e-03 -3.401767752282593843e-03 1.275204071820262679e-02 -3.761502873669303037e-03 -1.236563807761798667e-02 1.392590788759066195e-02 5.362014980285339898e-03 5.046360881481061966e+01 3.133783858105132580e+01
2.019374964562468955e-02 4.129292455234558068e-02 7.107974002560937810e-02 -1.086622632996982717e-02 -1.832980567019371065e-02 1.023030224097573951e-02 3.621895475062505369e-03 2.040566535864553679e-02 6.021943716546813619e+01 4.630350449623495024e+01
1.348788878626925626e-02 2.936943245220518389e-02 8.482525640387613038e-04 2.760707898540942784e-02 1.652211295812578556e-02 -3.159767470847427151e-02 -1.049282412376604211e-02 4.026967052776599110e-02 5.725206647990645337e+01 4.081710572945529236e+01
-2.919227160674680525e-03 -2.254926792534747704e-02 -1.855175769856128726e-02 -2.763888654364035635e-02 1.288541479814568971e-02 -2.097527308050974731e-02 -6.742477543309738364e-02 -3.885105458808350148e-02 5.480730540917516436e+01 2.732516838700628981e+01
4.153800221606764043e-02 -6.244514217504670145e-03 -6.671376759827704790e-03 -8.288022822538035003e-03 -2.579135904347789124e-02 -1.309145481269002181e-02 -8.876142242073229577e-03 -5.387650810132661727e-02 5.238313419964169526e+01 3.364539811261273883e+01
1.970474744958801080e-03 6.423062557200566285e-03 3.485313156005791224e-02 -2.004735290855675853e-02 -2.576283464604381401e-02 4.743436420878357519e-03 -2.602721996445810093e-02 1.402423294805112651e-02 5.029878848273556713e+01 3.346834163269968343e+01
6.181209853311105812e-02 -1.449447286807889913e-03 -7.765977582983365005e-03 2.862335703229475573e-02 4.555307876826530239e-02 1.187531254160570371e-02 -5.780665477507654360e-02 -1.007170361180127760e-02 6.202078552109797016e+01 5.334970388233373484e+01
7.640790120303875103e-03 -4.579400103581523747e-04 -3.169338656041525981e-02 4.791795361990688028e-03 4.419840678238325105e-02 3.161714521852738297e-02 -1.281151293010328318e-02 -2.171510412893311748e-03 5.758675185578748312e+01 4.408116475829086767e+01
-1.397332681217692760e-02 -4.464744804372745846e-02 6.937108204277256385e-02 -1.880736509416032487e-02 -2.873595683131619644e-02 -2.533117285551598694e-02 8.621874691799201115e-03 9.366642461326207814e-03 5.477605489552311013e+01 3.166069532904547401e+01
2.623844813329979930e-02 1.328247120095399879e-02 2.150902523261516083e-02 -1.654117241030044969e-02 2.023528027560480072e-02 3.649532298032019673e-02 2.910373857747971388e-02 3.480179822927885903e-03 5.376154511719791174e+01 4.341353790522838096e+01
-3.212945953217578865e-02 1.459801757238662380e-02 -2.768312817979113119e-02 -4.271233259964828111e-02 3.079140660010977124e-02 -2.219795482145862572e-02 3.030298806234402523e-02 6.147261274708212125e-03 5.593182385908102106e+01 2.151947545212443202e+01
-3.777670599761406151e-02 -3.857973567002438015e-02 6.471616466794659350e-02 -2.763333927323488245e-02 3.849739342140198143e-03 -2.476177957007095337e-02 -1.286326421075950329e-03 -9.538458079757265121e-04 5.221248004697879708e+01 3.061950058463174784e+01
3.364713587716399584e-02 -1.557379827014385501e-02 -4.176123807503717006e-02 -3.048128009515252423e-02 -2.933266018796230976e-03 -8.033021742858539871e-03 -5.713642176811069284e-02 -5.919003921394454595e-03 5.962542632092654316e+01 2.873378727930103693e+01
1.403024227174380807e-02 -3.943647202661560575e-02 -3.282525609373520420e-02 -1.815342087484447808e-03 -1.941368569065713562e-02 -4.277037582993466897e-03 -1.189187684029670289e-02 2.922576031527100021e-02 5.366610802662024327e+01 3.107150955310327234e+01
2.378336760941510489e-02 -2.785280043502265726e-02 -7.702377059821310067e-03 -1.644340821429913710e-02 -3.763631412801186904e-02 -2.563500063553834571e-02 1.756576518782464180e-02 2.232834086815944225e-02 5.107118272884884647e+01 3.265449918035889709e+01
1.807026554922793946e-02 5.856612440598188765e-03 -1.098968629406922234e-02 -4.620340000991752377e-03 -1.938009238041266472e-02 -3.785671826097145119e-03 -2.981896511286968865e-02 4.771358042107005232e-03 5.190693274295900039e+01 3.381890255793335598e+01
6.870448019085516507e-03 -3.764059051414176543e-02 6.581965506800097065e-03 2.480998262628940614e-03 -2.420349813250781759e-02 8.554676011429588819e-03 -2.884337149957215060e-02 7.839643313853745382e-03 5.059182183760108131e+01 3.528593407770949142e+01
-2.301006837712705339e-02 -6.129422676286228056e-02 1.654436223220818319e-02 -2.818012689102078125e-02 -3.067515559680142681e-02 1.085216116511452354e-02 4.064307983978598243e-02 -3.217773528194877580e-02 4.678663348597031302e+01 2.525300413973914360e+01
2.402645635699346069e-02 -2.653891933418189852e-02 4.204582791350153920e-02 -3.035658805148479591e-02 -1.023991736383650895e-02 1.725662135884348941e-02 2.390406027716648896e-02 -7.978179543425670955e-03 5.238122952644578589e+01 3.787524082106248358e+01
-3.983581097387632608e-02 1.341875067433862673e-02 6.821719628757718160e-04 -9.806263169324907353e-03 2.594767548666598173e-02 -6.902013746283606338e-03 3.886535577885632392e-02 9.025077861830439752e-03 4.968633137535981348e+01 3.047287415828472490e+01
-2.323350245532784450e-02 1.076220257866211845e-02 1.152896643709291728e-02 -2.589522703843547685e-02 -6.990833230581279881e-03 -2.450934817005217745e-02 -6.501371507620567688e-03 -2.138005693322106437e-02 4.817701241561882597e+01 2.607447709623605903e+01
1.723942074314781941e-02 2.364943868493216139e-02 -3.283434288960017378e-02 -3.390169264087505852e-02 -2.830931298549879335e-02 3.006580920175351904e-02 -2.532342154195707865e-02 2.219416316084485072e-03 5.652803641886990249e+01 3.190771996314969883e+01
4.839334460310291269e-02 -1.524559495022416965e-02 4.605463253984737326e-02 -3.894056387172348255e-02 4.067200131055113965e-02 1.951889341668320427e-02 7.247564075185637840e-03 5.899924163956846331e-03 5.665086011946124245e+01 4.470415321965474931e+01
-6.816574295637848127e-03 -3.770004794471482068e-02 2.256781170015509722e-02 -2.634009697413077986e-02 -2.674249685571167615e-02 -1.346548280797926593e-02 2.199778031597771424e-02 -3.586440226393818043e-02 4.690706107333494401e+01 3.067462845469630395e+01
3.966830981602408046e-02 -4.996401469442411647e-02 4.579348558612051506e-02 -1.379448735982278379e-02 -4.819089325370784493e-02 -1.546863145096063000e-02 3.006774076124984346e-02 -2.633833415868096564e-02 5.369282841970044728e+01 3.258628619123632575e+01
-3.926401381166051002e-02 -1.099473011588412985e-02 -4.745225316377030093e-03 -3.253774372915762799e-04 1.274335371485675779e-02 -2.658124910579867314e-02 -2.392231197066220852e-02 1.518895999609427318e-02 4.830806513575573291e+01 3.060438621145866023e+01
1.363091761737982889e-02 2.152849834292588568e-02 -7.071046933062553538e-03 4.294693977808067276e-02 -3.783044048488318212e-02 -2.056260826755159851e-02 4.556335928482527740e-03 -2.471304834754474867e-03 5.547331324828223842e+01 3.756774524536005799e+01
1.335818035108350850e-02 1.484235871494341517e-03 1.373458031548873554e-02 -1.065085804903584746e-02 1.130745224516244846e-02 -8.785622279266193380e-03 8.957327425146023592e-03 -4.073940703662990576e-03 5.150376189029340424e+01 3.376650829165892986e+01
-2.669389836625496795e-02 1.420373444076388977e-02 6.385823632444454119e-03 3.718328208389017758e-02 3.729286055903283364e-04 -3.875367622961606306e-02 -1.513758189465525678e-02 2.259970374339552446e-02 5.596088752691743196e+01 3.549085893877575160e+01
-1.003044454591639489e-02 -6.115403499964618475e-03 -1.435951336077710347e-02 -3.967070453119242446e-02 -3.113118322467114257e-02 3.337318072577515060e-02 2.753840009285230678e-02 -1.838052477192031464e-02 5.246037583097908907e+01 3.059296046731991225e+01
-3.633376038795690932e-02 -1.934137341864695242e-02 2.092267844372117450e-02 1.010883576951248156e-02 8.835559773988310717e-03 7.193480035321817880e-04 -8.525271951803943885e-03 8.338924792752396009e-03 5.306037156035439040e+01 3.665094560768321230e+01
6.037403280482802129e-03 1.828868481175648097e-02 -3.019684226724192108e-02 -1.395876023057965841e-02 2.967057239550698403e-02 -1.452456900079079601e-03 3.633564660081173292e-02 1.225478051088533561e-02 5.711360501700757197e+01 3.722856427008097313e+01
-4.207128831585484063e-02 1.659138283997378324e-02 2.365575831161813823e-03 -5.179325301433893025e-02 -2.982062131439662880e-02 8.307712482651746777e-03 -1.399839708676886216e-02 -2.405921182957494048e-02 4.922741031036900239e+01 2.338955028991102836e+01
-4.199549352551012332e-02 -2.064720669323087329e-02 5.683106601578318678e-02 -4.550794645635890603e-03 -4.884146150812120057e-02 -2.262638961775128785e-02 2.054920332786337386e-02 1.683737552430340789e-02 5.179414979038673295e+01 2.658577583897832852e+01
-8.014740181448256826e-03 6.343805562226302597e-02 -9.095417684252456517e-03 3.891695915162175778e-03 -3.774833779785131960e-02 4.356091773225146541e-03 -1.039275724301295077e-02 4.154901083840963592e-03 4.803537232005911051e+01 3.606230657105504633e+01
-1.832057837612845620e-03 -2.576467102609242971e-02 3.744846671404973202e-04 -2.114243096501573077e-02 -3.284614248318814406e-02 -1.532432608179618450e-03 -7.148300575416469474e-03 -3.840863991270481413e-03 4.920895041853750485e+01 3.226303440697473235e+01
2.459306805603838492e-03 5.758825073165204332e-03 2.590420834437640388e-02 6.235758704478189945e-02 1.555113724524183512e-02 -5.051156357657609480e-02 -3.624930464706936292e-03 -1.612966490039175436e-03 6.718463992608495516e+01 4.314924506092084044e+01
-1.974417324300763860e-02 -2.460181421346338895e-02 -2.344068822129545190e-02 -5.473185288608872247e-03 2.975236164972164254e-02 8.066692225360648852e-03 -5.217555506957292574e-03 2.812511307915714978e-02 5.377024122965214303e+01 2.924885486407041668e+01
-3.420383900804281618e-02 -2.574954249786683136e-02 -1.335397365190451636e-02 3.715212336790481209e-03 5.723546768679116381e-03 -4.701109599882777323e-03 1.655778426927252689e-02 1.706342367617730282e-02 4.890798484045891570e+01 3.262564809809806121e+01
5.229742034324938449e-02 -1.187691819830628305e-02 -8.807101484989802997e-03 3.581802596710609299e-02 -3.196951731455102697e-02 3.772765961670308116e-02 -1.209743823666850756e-03 3.375561800775648495e-03 5.788509699803602615e+01 4.854620233040377997e+01
1.749235171852783766e-02 1.907157685294176910e-02 -1.017011861915721391e-02 2.388858360780097070e-02 6.444479167182566581e-02 -3.066861442608435299e-03 1.502327999750865072e-04 6.020437769638889089e-03 5.863089619205108960e+01 4.487551706997592760e+01
-3.781861970290518321e-02 5.552956027844373893e-03 1.496273514890027884e-02 1.038467743574277187e-02 2.755504644961699265e-02 2.376572913593924183e-02 1.733431814422653136e-02 1.777443940479838400e-03 5.369077590524282328e+01 3.939584111068528216e+01
-2.351535795839676795e-03 -3.006464291427015257e-03 1.339327736475186791e-02 -4.821691719452803233e-03 -1.692900468243863435e-02 -4.288690140528347849e-02 -2.662672578128607442e-02 1.963229422217624073e-03 4.922050408581660008e+01 3.130543134710935860e+01
-7.781533298608068160e-03 7.001912856817139701e-03 1.378491869574081756e-02 3.642925730521172616e-03 1.353203221381173681e-02 1.296776364446348105e-02 -2.024167354174832845e-02 -2.632519148062805944e-02 5.345488786879678855e+01 3.489925813543418087e+01
5.096286506435765418e-02 5.393489345116608130e-02 5.871341946667264083e-03 -5.302730555984188493e-02 7.796301561545545579e-03 -8.252348566760235593e-03 5.514887188381016950e-03 -4.916877771051205576e-02 5.737755311640786005e+01 3.856020436830470288e+01
-2.096044740894040161e-03 -2.556515953978567499e-02 -3.394461354325568198e-02 -2.455575359675559594e-02 -1.598659998721944919e-02 9.607182700661680286e-03 -3.218848935823867032e-03 2.791869882227556235e-02 5.454093526797992553e+01 3.062097618247550201e+01
9.572413858243346285e-03 -2.206411139859991086e-02 -2.204945527304687930e-02 -2.956198962377596176e-02 4.023264796218020689e-02 3.556043571407074833e-02 -2.193497322082546552e-02 4.379595848755488824e-02 5.895145163837563018e+01 3.489037010340754819e+01
-1.929759496292098725e-02 -1.849793910638218575e-02 -9.474294128707352793e-04 2.977439364494396251e-02 -1.818870403551960113e-02 9.003602619588203099e-03 3.859058605942022879e-02 9.775447270929195354e-03 5.349003436819698720e+01 3.525879630209124116e+01
-1.589344370508949042e-02 7.239642430509373935e-03 -1.813246661433760148e-02 -4.621554612128719874e-02 2.590241924864389658e-02 -2.964009826214712706e-02 5.142660098203663370e-03 -5.162047006549139172e-03 5.617601214477852523e+01 2.394335408313736480e+01
-1.197384398151701834e-02 7.844879793325964731e-03 4.310061228552983931e-02 9.901286219982190911e-03 2.073970214346830196e-02 -1.079143660493714525e-02 1.458329911983126219e-02 -3.032845776448639050e-02 5.882140703031539886e+01 4.294116904664023338e+01
-1.052319021828119344e-02 -3.689336540419534084e-04 2.897187636416982768e-03 8.476375064173058763e-03 -1.022750785438110085e-02 5.256494153623978566e-03 -1.845543864141809334e-02 3.022218217044452329e-02 5.079272656996157309e+01 3.399442161715540323e+01
1.218435520644051313e-02 1.774536228151588936e-03 -2.793721082649972334e-02 -2.594625472367731098e-02 3.067102394078895754e-03 -3.549893246771877731e-02 1.068096698618556557e-02 -1.916446558651803758e-02 5.599596535081613524e+01 2.671988675098295829e+01
4.743363067752631029e-02 -2.906566686747692752e-02 1.945300023104554188e-02 -2.624879495296222540e-02 4.173889921997759461e-02 -8.415086475896270748e-03 -6.390051678729623610e-03 1.031377007659438697e-02 5.554462549418206407e+01 4.115343631582761219e+01
-6.460428102008676510e-02 2.073050147884596822e-02 3.541676808302558072e-02 -1.554923249393547202e-02 2.564345899403371737e-02 -1.799140537537315815e-02 -2.729723010553903456e-02 1.084021799131904343e-02 4.951971446359132756e+01 2.860545648290433007e+01
-1.231859355631425949e-02 -9.348437615058278853e-04 -1.800769224837504845e-02 -1.776660697436162339e-02 -1.120041382634501606e-02 -6.483638632423637665e-03 4.090904508208834632e-03 2.118407134468282618e-02 5.168672797628644844e+01 2.621681695858314853e+01
-3.580953704812952360e-02 -7.019853591002234508e-03 4.126582627284587634e-02 -4.091592127927699135e-02 1.094905022126848627e-02 -2.790247880903731076e-02 3.157627410347679103e-02 5.186854409815474382e-03 4.625746361303102816e+01 2.474724270266828796e+01
3.941768273801519312e-02 -1.244555876707520274e-04 -1.227893953076396099e-03 2.282704014125530936e-02 6.564506301464161260e-03 -4.864753410248588011e-03 6.840201231286711925e-02 9.699005698069677710e-05 5.779793151112121308e+01 4.464953855152985795e+01
-2.407497860303364073e-02 3.731609920414882212e-03 2.375552765193678084e-02 -8.861948676825989052e-03 2.451511181693989683e-02 -8.598011805749350076e-03 3.557661351370004083e-02 1.130691030500268097e-02 5.184788913199315630e+01 3.917646809981626888e+01
3.506867189853275779e-02 -5.365370885386162338e-03 -1.494477386674483189e-02 -2.920057774190504621e-02 -4.292296704201578605e-02 1.516524295568894530e-02 3.350489126886105340e-02 -4.057180106755090693e-02 5.407298621313348264e+01 3.145124476072569308e+01
-2.584273047716808408e-02 -2.202546208673504188e-02 1.121313649884315977e-02 -4.268583306843164171e-02 -6.348904755488208283e-03 -7.863033306960557842e-03 2.359217273981981111e-02 -1.106909482145662996e-02 4.983513095758932820e+01 2.678701714894833330e+01
4.664451877458120933e-03 -7.095038096699221239e-03 9.796581698970936584e-05 -1.574075458041109465e-03 -1.103063086740112796e-02 1.704949137064287398e-02 1.126906443521144031e-02 -4.836437353065144683e-03 5.007807510467225143e+01 3.728465598533965419e+01
2.180928447801964293e-02 -9.362696552578216036e-03 6.806269068188577388e-03 -1.382794628278189407e-02 4.335982728447347612e-02 -4.027742449730771501e-02 2.129811135790047466e-02 4.442026550760216040e-03 5.435484521882326447e+01 4.195063856162381910e+01
-4.276539092846296831e-03 2.009492406082629204e-02 -5.021185687797745031e-03 2.144100804606637739e-02 5.144516238512385209e-02 -1.137582352817482958e-03 -2.111648440229561483e-02 -1.096042348591987244e-02 5.669795986367677187e+01 4.654481648713277764e+01
-2.065532012780522432e-03 2.581821491923289025e-02 -2.716561580460229511e-03 3.912652126753732307e-02 5.104679513243588242e-03 -1.899284845616490067e-02 2.878150104199045725e-02 -2.506333394887262644e-02 5.723405251235742242e+01 4.228770523403637327e+01
1.049132683021856798e-02 -2.957159687092710421e-03 -2.745995029626389764e-04 1.027935204421919282e-03 2.693424643336044672e-02 1.911147008627383723e-02 -4.413852715494683693e-03 -7.508229696265883435e-03 5.299620677580517025e+01 4.055438864352255735e+01
2.231392262172800581e-02 1.433783633096171947e-02 1.536023339118840203e-02 -1.669793685393493668e-02 -1.507145981530559793e-02 1.131028544568492278e-02 -2.287202010206079369e-03 5.697926586280952464e-03 5.058127792176602355e+01 3.781103415506433407e+01
-1.159292390288044379e-02 -4.457691517913553447e-02 -5.957594234020133911e-02 -5.160708850106122264e-02 -4.196047253185061082e-02 -4.876618917944566811e-03 -4.385686355552364385e-02 3.765620610439738419e-02 5.743115930194149144e+01 1.489997796517716822e+01
-7.005873239248801461e-03 -3.595141935097312391e-02 1.922085028308263312e-03 1.532212372362523091e-02 -2.170845238502266961e-02 -8.657477619299670801e-03 -1.333412709090385680e-02 -2.589215754714483536e-02 5.068569033563960602e+01 3.577329299413747776e+01
-5.160456012122722645e-04 1.401333579629373757e-02 1.463220896798646774e-02 -3.277589826550899449e-02 -2.125458000132753045e-02 -5.238160991962959728e-02 3.639230812140569621e-02 -4.823915720113347225e-03 4.896730335570398296e+01 2.762680830818828781e+01
4.863421104712697257e-02 6.248873385950815852e-03 -4.729131119473662867e-03 3.415102943222166065e-02 3.592850347703314268e-02 -1.123015785022268495e-02 4.457348103290267177e-02 5.064906950341558148e-03 6.182820094173818148e+01 4.725375469239727977e+01
1.010923076388090328e-02 -8.491763656141536332e-03 -2.580127243755719890e-02 -1.284268744218382448e-02 3.145816486931617140e-02 -1.450347974129487065e-02 1.117748434262267818e-02 -3.149249379815910466e-02 5.659088039152951666e+01 3.572805536151540196e+01
-1.852490821199871338e-02 3.039274599015462375e-02 -8.067434101268934274e-03 5.709336884797515388e-04 1.439116309203748549e-02 4.365218972308783536e-03 -3.939568264405204218e-02 2.079787043693774248e-02 5.041650422482508986e+01 3.900511300789821689e+01
-3.515068113405678263e-02 -7.822388892221074363e-03 -1.359734372278032302e-02 1.833787907038962953e-02 -7.827602301467600360e-03 -1.403099660279818160e-02 -2.607382724140324542e-02 -3.327644900839133585e-02 4.799232609145367690e+01 3.246546336970617119e+01
-1.984244663117869928e-02 1.929480421723336501e-03 2.645764690488676060e-02 -7.860548601906037353e-03 5.087898629808016576e-02 2.882307544414536293e-02 -2.835612122937555477e-02 8.871056551245709229e-03 5.476883065554716268e+01 4.301781796875317809e+01
1.006032521817176555e-02 -1.540912849506076432e-02 -1.911506613988037465e-02 -1.493175263968227369e-02 3.263732210631416220e-02 5.284937343043206656e-03 3.493860140379894536e-02 9.860492148530901335e-03 5.626273575006865713e+01 3.246203182734642922e+01
-1.296787943889693775e-02 -3.585443349173683680e-02 -6.639818813031787316e-03 -1.696317283526762101e-02 1.129113535251419914e-02 3.819538133154293941e-02 7.964503835839989616e-04 2.430804040898370752e-02 5.264211142891485906e+01 3.454945237989726081e+01
6.288356840672308830e-03 -3.046787491613706794e-02 2.094246447886596169e-02 -2.132632401097058969e-02 2.896967777528270185e-02 -1.400563797094950269e-02 1.781628046242201072e-02 -6.490263953553963849e-02 5.132636548658744147e+01 3.253490963373510425e+01
7.509488815049385549e-03 5.023945722944280975e-03 3.819232422912806346e-02 -5.598560318664478090e-04 -2.040055320318171286e-02 -2.895065335289587205e-02 -3.690118715464397407e-03 -2.665534695045330624e-02 5.497731968484541909e+01 3.142956790601201789e+01
5.998110122027837561e-03 -5.160291082187331430e-02 2.168896713674366844e-02 -5.538274929657904626e-03 -2.811312078389885047e-02 -7.850036922431805758e-03 3.319718249433447482e-02 -9.487098446371907551e-03 5.076286711351649927e+01 3.336508723339991178e+01
1.111507069124406319e-02 -2.177430217804802309e-02 1.793737732957829956e-02 1.919456349057883232e-02 -3.457488542700939277e-02 9.436877347126951948e-03 9.559288403237276022e-03 -3.885614141938419780e-02 5.500423694237642991e+01 3.893805682298095405e+01
4.841408412122911314e-02 -8.874856044513891248e-03 -1.999339199388735014e-02 -1.860082434562459683e-02 4.938229138826395748e-02 -2.680674874254852791e-02 1.830358397727510286e-02 -2.551193799172512405e-02 6.054828953812276637e+01 3.686277904441764264e+01
-2.707731095769121132e-02 1.671426042388564695e-02 -1.795727379528335235e-02 -2.214493616715605684e-02 -3.891410355199045185e-02 -2.755006959349849335e-02 2.413277941172186844e-02 4.943020309183136785e-02 4.869195513730289804e+01 2.316713049507851707e+01
2.417611678562040997e-02 4.871702426550603322e-03 -3.029079752335999895e-02 1.371828839093984509e-02 2.842793406212787075e-03 1.938626469307535086e-02 9.830972998312016708e-03 6.382691665371274152e-04 5.473470233268717777e+01 3.964087098565290290e+01
2.729687524268905457e-02 4.484100081060527626e-02 1.334394201647969361e-02 -1.847190706869439314e-02 -8.652363098161881339e-05 -3.163798748385422688e-02 -3.841255033038617431e-03 -4.721221335836767847e-04 5.127985160340759307e+01 3.699445201159619501e+01
1.507722449191016036e-02 3.414334084321687252e-02 2.996336678691471564e-02 5.885460546851089061e-03 -9.609413252663614666e-03 1.184825190767845038e-02 2.353565390332764198e-02 -2.457640136733511491e-02 5.649313979081858150e+01 4.057864166144081963e+01
2.092434924962932857e-03 2.172768534599828216e-02 2.848972525219760007e-02 -3.208996273121388076e-02 2.038544599210629846e-02 -1.434269449637718503e-03 -9.084157303824694392e-04 -2.293376548101594067e-02 5.057641000505275741e+01 3.681273263757341141e+01
3.382681916238280961e-02 3.626430033093631933e-02 2.577860988509912687e-02 -3.029050799630420357e-02 3.523073950290770556e-02 -1.099923857109963432e-02 4.431223967916138318e-02 6.835166855494984040e-03 5.422057759559989876e+01 3.867372193432921534e+01
1.127167787966857834e-02 3.151796182703848342e-02 9.412100233096069857e-03 -4.326449811945580481e-02 -3.962091783753065970e-03 -2.472600031917355362e-02 -6.189457408739163814e-03 4.554512522665218888e-02 5.242831069848391934e+01 2.659379495279186045e+01
-3.623308520100346902e-02 2.772027140367235368e-02 1.305596531224382205e-02 2.321429371052470287e-03 -4.003477798071895105e-02 9.173720288766248551e-03 1.453364568405866690e-02 1.902902776419874075e-03 4.717936386291807338e+01 3.101014951358980554e+01
2.282045998972091067e-02 2.201205946856540571e-03 6.823671260383521071e-03 -3.059698372861563800e-04 -2.703237773803758570e-02 8.384387999878126566e-03 4.682862387256248211e-03 1.250167237876423885e-02 5.126651494568297096e+01 3.745061217181674351e+01
3.174782875868297632e-02 1.180674935950976404e-02 1.223572118753461606e-02 -2.561317898962526748e-02 -1.928586894295059376e-02 -2.645221831933781270e-02 -2.351933546480308723e-02 1.833588793669452613e-02 5.157283262249090683e+01 3.121958290384320378e+01
-2.262481193734026605e-02 -7.824218398942846611e-03 -3.499132569028398903e-03 -2.666855353156088668e-02 -2.641937628306645358e-02 1.110302415630020148e-02 2.875265140453287654e-02 2.834150746819345118e-02 4.950999033356640666e+01 3.012755506379872728e+01
-3.133453907655577020e-02 -2.294483335028242588e-02 7.860269127710206583e-03 -1.476687026289513066e-02 -3.113300902842581781e-03 2.624037633662720803e-02 -5.366193559569935184e-02 -3.078347077482563275e-03 4.805413495512527078e+01 3.273415985709170428e+01
7.916682979367010639e-03 -2.619313160161768246e-03 -3.833642453979735354e-02 -3.607159115418021728e-02 -3.612046753565353874e-02 -2.994360769836805838e-02 -1.557343288670267690e-03 -4.028441805867735703e-02 5.519844624758970042e+01 2.221580331448502221e+01
8.378612028015444690e-03 9.138171090115479803e-03 -2.603080954978594791e-02 -1.342668041689910885e-02 4.211137985257502533e-03 4.022667448152501823e-03 -2.590086137560659169e-02 3.808730101771002838e-03 5.463114341572494226e+01 3.152739976874523720e+01
3.161845470056891261e-02 1.062409717966415409e-02 1.196700468606796790e-02 -4.109995085163816939e-03 5.862078894277723828e-02 4.895907954067315292e-03 -2.551409652667490854e-02 1.897363800052458832e-02 5.762729560925425432e+01 4.621750050974902990e+01
9.588489096428324046e-03 -1.016423398206671436e-02 -8.909710796596298629e-04 2.543994763007355678e-02 4.453304878166995662e-03 6.295524063647395772e-03 6.104490550991274918e-03 2.055811329638456905e-02 5.608309992872915473e+01 4.441778551467589864e+01
3.232062800373620981e-02 1.333322352741950906e-02 -2.074876901267667592e-02 8.743782483593117230e-04 2.294988288662616269e-02 3.442338083380549942e-03 -1.943777202498540163e-02 -9.856759572768146807e-03 5.651132743572082973e+01 3.916747791025876069e+01
2.362414454148137333e-02 -1.524915121900599461e-02 3.230579559145527885e-02 4.378873330317317736e-02 4.285565381396080203e-02 -4.350788282206955251e-03 -1.365391889735909602e-02 -2.650471642776476219e-02 6.859455311310927073e+01 4.980599513131421219e+01
-3.448156276570014250e-02 6.864128603403502234e-03 6.978479063495178839e-03 -1.355273786323019092e-02 -2.786998367113189060e-02 2.202736896557527108e-02 -6.769044747429940612e-02 -4.150568824367389942e-02 4.576532778724063633e+01 3.298803252336182368e+01
-3.563559018942352025e-02 8.458957345069927081e-03 1.659218567911538086e-02 2.458721031307302754e-02 -4.871625139464182130e-02 4.837853715378796771e-02 -4.008605438291151096e-02 9.368983647285446595e-03 5.235217252835152379e+01 3.744674452861038105e+01
-4.935414048767194223e-03 6.656327766560552958e-03 9.968524586517219649e-03 -5.120587025787196045e-02 -4.866750633415096311e-02 -1.385226706303190058e-02 -3.872798373867912102e-03 -1.714934652819713815e-02 4.915257746509256265e+01 2.304357412050502418e+01
-9.965389354605076050e-03 -8.446575689496537559e-03 6.777147306178111369e-03 -1.527669527048336820e-02 1.411455553062520955e-02 -8.986445327718233650e-03 1.275817918365585238e-03 1.565818555414240365e-02 5.070518718285232040e+01 2.906216194095695826e+01
-1.880418668220646197e-02 -5.032947893812928473e-03 -4.326044243455442334e-02 -5.752081047451628598e-02 8.417922231399230931e-03 -9.693421882361502899e-04 1.324462766204364053e-02 1.810916842129266929e-02 5.910206650034938036e+01 2.190330150793515429e+01
2.606597175499876171e-02 2.350769315732982243e-02 -2.261474302878610509e-02 3.457038592822733996e-03 1.614900186856233627e-02 -3.164905153429551504e-02 8.041006048944874043e-03 8.283563321973544044e-03 5.451071197381197919e+01 3.812248361946607389e+01
8.672766512793157051e-03 2.067814334538488775e-03 2.878535229270578338e-02 -4.084434932246883490e-03 -7.068524781283620773e-02 -1.046988078117183120e-02 -2.737692273297911635e-02 -5.418661435325857617e-02 4.940451530924293166e+01 3.088167178228377452e+01
-2.820031287083319543e-02 -3.830039890667010644e-02 -8.100010107249037278e-03 5.091339568196600295e-03 -1.712573870076139829e-02 1.555719441891988131e-02 6.679977129873758586e-03 -2.613026916814765663e-02 4.722074097981000307e+01 3.340600035242064791e+01
-4.487064873867035314e-02 -2.108115280845096473e-02 5.898697077073469797e-02 1.885631702213103403e-02 4.790300317961776640e-03 2.021169511945828529e-02 1.713011405769664097e-02 -1.703953445973124120e-02 6.099536317282108655e+01 4.330528496822999784e+01
4.856449939147613939e-04 -8.405388275692706260e-03 -2.861755203057310751e-02 3.015690196698063430e-02 -4.585850736285135287e-02 -9.463962736538310619e-03 -6.680758721624026342e-02 3.540304024659439441e-02 4.830986520858882471e+01 3.341817635645842444e+01
-1.223115557430263893e-02 -5.843873336034582922e-02 3.478866014281557784e-02 -2.940358504551530278e-02 -3.200038056181949819e-03 -1.247887903678251455e-02 -6.265301524029284752e-02 4.794775611571615651e-03 4.899113720906674274e+01 2.859015189572658500e+01
-1.505578100130345633e-02 2.326324930429617827e-02 1.223358865938989522e-02 2.616269129684761080e-02 2.468360246642020001e-02 2.764781928236420896e-02 -9.683596681174697421e-03 -2.693473522709930075e-03 5.772969272143033947e+01 4.229526992120712947e+01
-1.783060706138521120e-02 6.499857345777374125e-03 7.573774414645110045e-03 1.472158755773349259e-02 -2.488514789721291837e-02 -2.399361194243575680e-03 1.431909402990696502e-02 2.546929414063078129e-02 5.099148704595224757e+01 3.509498208478562020e+01
-3.468931279303906490e-02 1.418195771836147645e-02 -1.168615067291108381e-02 -7.135144559999632118e-03 5.811291050872367109e-02 -5.714866010955938283e-03 1.382336407690801933e-02 -2.549057656877410163e-02 5.307879531592053013e+01 3.657317058607173266e+01
4.698185268976579412e-03 3.024244812199737564e-02 -4.182516019516471784e-02 -3.582800819655779234e-02 6.491184036951030967e-02 1.622411865177953924e-02 2.329023667797606653e-03 2.609292124523037576e-02 6.274931372176668987e+01 3.459574786473720565e+01
2.408936287094825754e-02 -3.700956352150380074e-02 -3.107271512908175298e-02 -2.536707920225434593e-02 2.462505224328295078e-02 -5.609258023281230889e-03 6.287161029641426778e-03 -1.156754281255323736e-04 5.916427556591458625e+01 3.404779166917973043e+01
1.022509144149990750e-04 -2.457353715373835137e-02 -6.944429112015441420e-03 1.627967527426799760e-02 2.888468983389261887e-03 -2.324985177027606709e-02 -1.935586425137047692e-02 4.271426349804838263e-02 5.204043750750754072e+01 3.313198318791157249e+01
-1.934850904861978166e-02 1.036994595500938254e-02 7.889494938403348451e-03 5.860465080990037018e-02 1.718867488851378092e-02 7.885653200612951011e-03 1.056046328940387670e-02 4.142747401904084414e-02 6.267978461151781033e+01 4.544257302723472947e+01
-4.115576229548274095e-02 1.753770932391982007e-02 2.695318437428280769e-02 -1.305841852594305692e-02 -6.946493534680862891e-02 -4.195190262357816058e-02 1.043923710464046348e-02 3.763657021540768588e-02 4.349663528981059812e+01 2.373075048610301252e+01
1.439687048332528169e-02 2.271660380020388420e-02 4.218628320808270882e-02 -5.027562412589673541e-03 -6.531208303712884855e-02 -5.258334936405244242e-02 3.502991268539319258e-03 -4.921200801625492949e-02 5.165339764706332204e+01 3.019957521484297658e+01
-2.930766179962348769e-02 2.086223332534030417e-02 -2.088278339663522665e-02 5.550734432932714728e-03 -4.568534880582699603e-02 4.842732407765483471e-02 -2.599069182996279620e-02 -3.236927889244425177e-02 4.733178181224999292e+01 3.351833520771641162e+01
4.036626911939729390e-02 -7.722274064346005412e-03 -9.785870516331790156e-03 2.285019926398773604e-02 4.077330363407818958e-02 5.304272617317868505e-02 1.659636917368883385e-02 2.261822535172123075e-02 5.930939185516150047e+01 4.742127767946703898e+01
2.369789116269745838e-02 -2.035260899520367414e-02 -2.420001058263160018e-02 -1.592663299858067955e-02 1.345953993931899191e-02 -3.454036840678258863e-02 2.050301924984010080e-02 1.018692948471265798e-02 5.621825699696653800e+01 3.030738688990927443e+01
5.608297042593315962e-03 1.312664875496348700e-02 -1.629693878992942088e-02 -4.612647218985051201e-02 2.882602005612812726e-02 2.153953786650114263e-02 5.720929238858060532e-03 1.142697538725007990e-02 5.826792224728917802e+01 3.356669493349385647e+01
2.150997347667945106e-02 -8.837314659781894677e-03 7.042792168846355276e-03 -4.942071113110597415e-03 2.576532464140067827e-02 2.647615826993780785e-02 -5.440831389705867542e-03 -1.762387142906049822e-02 5.420465255155006901e+01 4.490410139884530594e+01
2.018018567863334375e-02 2.661080353434774892e-02 2.439890364774106521e-02 3.335040930872810311e-02 -3.491703145081880705e-02 1.264529534310207363e-02 -2.618263168696739751e-03 -1.780098262181191437e-02 6.014368109315914523e+01 4.384920366195413521e+01
-6.344245262922799077e-03 1.800919088565311552e-03 -6.494441216800526419e-03 -2.480231419652940278e-02 -9.551610087922653841e-03 -1.151027243622613355e-02 -6.357428185268299003e-03 -6.120073610027340454e-03 5.138635701291694602e+01 3.226553586931255069e+01
2.120572571858624972e-05 1.431314195786435178e-02 1.258019068331118172e-02 1.147018534767822208e-02 5.825761807963716898e-02 3.935071255648124600e-02 2.960286461379271761e-02 1.188693134794031533e-02 5.840237105031925324e+01 4.950780936709551128e+01
-3.134333358433896016e-02 1.711052850772972270e-02 1.480489450383243658e-02 3.784903316029468445e-02 -3.898503311032248259e-02 2.865472657363592190e-02 1.383317831957101528e-02 2.113514750420221119e-02 5.535486562741706962e+01 4.173011868854590034e+01
2.999685024022021983e-03 3.388697038657278310e-02 2.346464435616388809e-03 -8.028171885730473953e-03 3.058710508742785300e-02 2.296609543764819433e-02 6.753508916763620827e-03 -1.693861439275358123e-03 5.311354168737786807e+01 3.886134303530781153e+01
-2.834245079293582111e-03 1.659066028508549354e-02 -3.196006750585437053e-03 -2.744704719261648398e-02 1.486292055979431600e-04 -1.631634750012087368e-02 -1.901966622955067465e-02 -1.332681991996495334e-02 5.220914194515004425e+01 3.004799393695038034e+01
1.851638559647565685e-02 -1.060224232779616825e-02 -1.728259015167830925e-02 -3.916067677922336482e-02 1.953234580477492335e-02 -2.923263973700586382e-02 2.855667401791059292e-03 1.387113079300234149e-02 5.697362432969311641e+01 2.686645424328490250e+01
-2.338179884350331458e-02 -1.396409005281818230e-02 3.552581954240929818e-02 -1.094282823474365500e-02 -3.364752634387485185e-03 3.863984149958340120e-04 -2.916690774296486210e-02 1.479099985878193010e-02 5.190017312237914382e+01 3.226578991574349686e+01
-8.445333926002258559e-03 -2.124318348480004615e-02 2.053502326840975917e-02 8.943529888963444932e-03 -2.688747721415418734e-02 -2.681663580013209786e-02 -7.294470487900384971e-03 -5.970491810930880251e-03 5.197451679979929651e+01 2.956632830506647736e+01
-9.831438501804495161e-03 1.232895667590522791e-02 1.105560932731413509e-02 -7.662908867246019315e-03 2.523878151924267496e-02 2.360487385751785377e-02 -1.526001778612285156e-02 2.387890621268563829e-02 5.182846851985765113e+01 3.951616628509625428e+01
2.973441517169272963e-02 1.612783838785099289e-02 1.784567060498515670e-02 -8.121900484024021857e-03 4.396814662912999772e-02 1.567788134524173132e-03 2.812151033371152256e-02 -1.407774916200889466e-02 5.682470850031443632e+01 4.223283216108723792e+01
-3.027197970650254318e-03 -4.342901320522898900e-02 -1.679451276410929769e-02 -2.555222645233584319e-02 -3.509664460839119482e-02 -2.223886791605935755e-03 -1.663837545093209067e-02 4.737081479170829335e-02 5.114138869583515401e+01 2.147758815144476685e+01
1.590961387586236481e-02 2.799109989631934706e-03 2.904361006005138496e-02 1.415997058516063091e-02 -4.053877332650264453e-02 -1.480060785262829470e-02 2.064186620854053383e-02 -8.817809960705249098e-03 5.578597250266459895e+01 3.590930445153701100e+01
1.359440894010079982e-02 -2.042149197559920207e-02 -1.710724731591001940e-02 3.339986967910200250e-02 1.864941238637831886e-02 1.105140452960915939e-02 2.641233391950095766e-02 -8.837013629798865736e-04 5.645913098223575588e+01 4.181493117525528191e+01
6.106316855156833368e-02 -1.161295315072111839e-02 3.775978067274385428e-03 2.211523950948058453e-02 -1.445930774772695004e-03 3.569615562913863727e-02 1.386742235606040936e-02 -6.714626881396029527e-03 5.979389819874221246e+01 4.850887210321129572e+01
1.155636775184441844e-03 2.820703533257383835e-02 -2.667882865437265581e-03 2.642061049375763956e-02 1.920874622793138434e-02 7.959743169996280968e-03 5.796977724789286780e-03 3.147002325359035679e-02 5.618945971392894734e+01 4.561709241966901374e+01
-2.953841901960922636e-03 4.045022269093951489e-02 6.632406337827849441e-03 1.168519122040366336e-02 4.849437060691017681e-02 5.949224083577105658e-03 -2.911622306356363363e-02 1.959001193310080328e-03 5.678746629088603015e+01 4.291075937819350372e+01
-8.994060586790104256e-03 3.350662328368020360e-02 9.182733949361431697e-03 -2.554739530214008084e-02 -2.846031400891851221e-02 4.864247334844638490e-03 1.046108380440324490e-02 2.246724911274748659e-02 4.864762188877051585e+01 3.165507598679984014e+01
-1.021948109927283722e-02 1.138772197415408027e-02 -6.812345916791311129e-02 -5.771899039637392453e-02 1.824081916840951043e-02 -6.998575174545871615e-03 -3.023666765852518062e-02 1.333978635708393031e-03 6.294377037777594808e+01 2.494514672273041711e+01
-8.871768663931411947e-03 -3.172264136285111308e-02 -1.166091401721613616e-02 -4.883540734774201308e-02 3.674004788143322986e-02 -2.332658530126669946e-02 -3.067804058764722619e-03 1.585709229200320952e-02 5.668587441382749148e+01 2.561874276417016816e+01
3.504900552829187665e-02 2.772248753044833508e-02 -5.455063363546444263e-03 5.379827236512572768e-03 -1.098851949363463879e-02 -7.969599479713275134e-03 3.224803768776279833e-02 5.135556653425661991e-03 5.208948929021265428e+01 4.019138832706561715e+01
1.261921828572051991e-02 8.858440244809681618e-03 -1.887294312924935047e-02 1.471088952813300391e-02 5.458640438569375281e-02 -1.952734967404210625e-02 -5.216405290166527438e-03 -6.762964188542599717e-03 5.532181730462018976e+01 3.750535308191673067e+01
2.146668484493465326e-02 1.388374551692446619e-02 3.041629620263247916e-02 2.026318059596993616e-03 -3.707618033421252943e-03 -4.347842193984392811e-02 1.919894951199378752e-02 -4.927019617024218368e-02 5.609901302880244600e+01 3.541452307788143372e+01
-1.011862286146662272e-02 -1.331503335742979799e-02 -1.011777106042600557e-02 5.308458618692677225e-03 8.828843151044450666e-03 -3.140694339135462199e-02 9.007493729809946947e-03 1.483708732776032810e-02 5.001786714946506152e+01 3.207450448653167996e+01
-1.109569234527260119e-02 -1.777482402833385419e-02 -1.156339503631074669e-02 -7.251544962141882877e-02 -4.035865269904428260e-03 -4.947412586120895732e-03 -4.750821207852515271e-02 -2.145030199264575527e-02 5.612231706063120384e+01 2.308537540592861248e+01
3.522519028967207103e-03 4.695754403880875172e-02 -1.925524619130344894e-02 3.250417860206333831e-02 1.380312322995580140e-02 -4.139205024939703742e-02 -2.218083297451238847e-02 8.691151371489432356e-03 5.329409407511739261e+01 3.887332792887201549e+01
2.642185083544740243e-02 -2.015949269852962064e-02 1.110921575730147541e-02 9.142653033613146272e-04 -4.900123128443608332e-03 -1.493113305839422096e-02 1.982234513613935489e-03 1.171265816409313397e-02 5.292238991202260934e+01 3.554444566228814040e+01
-8.431449616631345526e-03 -8.227930211622668660e-03 6.307557123127384424e-02 4.633769687224844475e-02 -3.160078250963691687e-02 4.158375594053787677e-02 2.409546053648226743e-02 -1.386730968319974111e-02 6.755663135917997408e+01 4.712007600818498076e+01
3.367701382798914816e-02 -1.605148603380841810e-02 1.771242487680787592e-03 1.073648653621864062e-02 -4.465751798326442201e-02 -1.967135671452981821e-02 -1.848348273541582792e-02 -3.794496953579190590e-02 5.149524460631177902e+01 3.409931668534844817e+01
8.418949908357401674e-03 4.293942779547983701e-02 2.927951600386115207e-03 4.387774159200678349e-03 -1.759859689344497186e-02 2.276926347300333581e-02 2.497528670329015807e-02 -2.124680115093491306e-02 5.121554672091214400e+01 3.870400484830236820e+01
-1.904948772999608131e-02 -2.507189258031104241e-03 7.279665428385730802e-03 -2.271096165538028303e-02 -2.673304935616384673e-02 -1.184932451844646420e-02 -3.099143235016992362e-02 7.015975930199486697e-04 4.785382348729203272e+01 2.783967370145855824e+01
-1.878360590212724973e-02 -2.411180217813045298e-02 4.839403373375979374e-03 -1.582008791651269217e-02 -1.136836521519814756e-02 -1.484524225697063035e-02 -1.257700832375308574e-02 1.765350105038965625e-02 4.850246444864379924e+01 2.996502579161453284e+01
2.416625149301367126e-02 -3.727515850043352369e-02 -5.877785154668541817e-03 1.839068181023952898e-03 -6.617207088632734782e-03 2.600581050183342971e-02 3.401850944998673770e-02 -4.595767360517091608e-03 5.238365269664048185e+01 3.846560849906412471e+01
-3.966721773284909158e-02 -1.607512576632583526e-02 -1.665488580498846252e-02 1.377849621520783364e-02 2.675057512611709459e-02 -3.516101733400990581e-02 -3.865316397829181988e-02 8.662006385882419640e-03 4.921464175514883266e+01 3.118609507707564177e+01
1.480379151685214632e-02 2.131024709959552024e-02 -8.752201329083138595e-03 2.787869471863473059e-02 1.891759851509217105e-02 5.307567538723962156e-03 9.826683522404639631e-03 -2.486884519068085012e-02 5.676505949400809214e+01 4.514886726041292064e+01
-4.223618717220355145e-02 -7.380401215431914470e-03 2.948400125437975264e-02 -2.969423221097582631e-03 6.328415914003629884e-05 6.795180396689319037e-03 5.580555132705697190e-03 2.460928821626310464e-02 5.133983822428699995e+01 3.257025506077207666e+01
7.598027943062234460e-03 8.688365423368697715e-03 4.483041880023597853e-02 3.764153759578664493e-02 -3.969707053713089628e-02 -2.365042820612146823e-02 1.403213752490596947e-02 -3.884157440408881473e-02 6.225263035377133747e+01 4.141888923544577494e+01
-1.556840132090396046e-02 3.375238928975167474e-02 -1.809967486367696984e-02 -4.609982227942352462e-02 -5.582287293911212221e-03 -1.410030462215138870e-02 -1.449790561525794719e-02 -2.335371690260414426e-02 5.417709205405233064e+01 2.341013583336073367e+01
-9.514092888510582852e-03 1.755171344640215833e-02 6.137219130678205417e-03 -2.131701771318895294e-02 1.731257332184933662e-02 -4.381269560289577369e-02 1.362392890404100568e-02 3.521691779809856676e-02 5.053839004967678505e+01 2.767933153753310904e+01
-1.168523432937945868e-02 -2.029364495137478755e-02 1.826774019333721188e-02 -2.282556831574808487e-02 -7.013728744183229252e-04 -9.973165947763592415e-03 3.491527028531719867e-02 -9.762077172532572511e-03 4.845574893772798930e+01 3.025604038280985719e+01
-2.661143574133821577e-02 -3.911074166442335236e-03 -7.372273426380432197e-03 -2.399706400717556073e-03 1.111572186348605724e-02 2.280019688325736482e-02 -9.217400211416669487e-03 2.574276361003356717e-02 4.999181247268182915e+01 3.446388018665468422e+01
-8.767467417291710877e-03 -2.608513330070177938e-02 -1.688729981027930344e-02 1.189950700053845137e-03 1.688639096956528682e-02 -5.290121580079356137e-03 4.874537354356958674e-03 1.419985172689627873e-02 5.208847962698896339e+01 3.476241843525340158e+01
-2.035689031183341921e-02 2.268731984026758474e-03 4.735684543158787119e-02 -1.310438319678479402e-02 -9.767208029411734646e-03 2.740878623794188243e-02 -1.909243301680121994e-03 3.466810733958926999e-02 5.332595120502163866e+01 3.670810448691595695e+01
-1.826126749446557035e-02 -6.822103459655426069e-03 -2.399654167775422398e-02 2.802365019518020944e-02 1.594913410687773953e-02 2.834669289105724160e-02 -1.851412665740140642e-02 -7.046117855913694265e-03 5.167128600076174649e+01 3.896578650040806480e+01
1.645921264501208278e-02 4.574089393842649398e-02 2.454564790625759206e-04 -2.036376201933307040e-02 -3.946119680242132777e-02 -2.594204919689957999e-03 2.506804770317025075e-02 -6.913785557988980958e-03 5.035883181249558049e+01 3.333790480708064763e+01
2.281962588229100378e-02 -1.602670035900501111e-02 2.152884655105913835e-03 5.702505730500747640e-03 -1.159978917123807331e-02 2.822372267806553744e-02 -1.634371134943736828e-02 2.401733386054216018e-02 5.271874238299351845e+01 4.250256024990790138e+01
3.981092585486293439e-02 1.366102776283603139e-02 3.081636523706689917e-02 -4.018417499123630443e-02 6.188751228868800275e-02 -1.467038298732601959e-03 3.173678445344010890e-02 3.414451172779326641e-03 5.696358056824939098e+01 4.160640418576787170e+01
2.899512548808422588e-02 -2.082411561476990580e-02 1.741231760110245261e-02 3.773829791329113420e-02 3.514915108150559742e-02 1.885113002433293217e-02 1.726890189711570434e-02 -8.015633904628827883e-03 6.529200940668731334e+01 4.964028919214879920e+01
-1.444271707247747789e-02 6.248728147546848272e-03 -5.501048802683668366e-03 1.505886268917684678e-02 3.139082488049186465e-02 -3.967848163961883168e-02 5.442480936402314950e-02 -4.942923838439038792e-02 5.274498119644427163e+01 3.924115693270356786e+01
1.490769734225548711e-02 2.316134609222255183e-02 -2.059438255055127433e-03 -1.026646963366620617e-03 3.402378641187187025e-02 5.379768410305118490e-04 -2.220258401849724977e-02 -2.998086510733465136e-03 5.357718296767511390e+01 4.175781110342715863e+01
-2.462297578163041845e-02 4.578458099502448475e-02 1.466879256053492397e-02 -1.148058393336313411e-02 3.931214349120869256e-02 3.724517248137809017e-02 -8.619454701467707189e-03 -1.837136726427685690e-02 5.137796501117642833e+01 4.293581382040779459e+01
-1.924320137312068163e-02 1.122633209163690672e-02 1.956255227290463854e-03 1.444177455138254303e-02 -1.179866378274975480e-02 5.585933851206530132e-03 -5.035872945861029348e-02 1.513318048486363490e-02 5.112758938468832781e+01 3.553534988744672773e+01
9.212218069374967025e-03 -3.580449225222874184e-04 -1.269883238557187495e-02 2.227624637960911799e-02 1.442480573888262063e-02 -1.976618267990422687e-02 2.100075918748924020e-03 6.487360954056780801e-03 5.360159107480173901e+01 3.619061519568184337e+01
4.518836110391518529e-02 6.291283107491243282e-03 1.908088763128546611e-02 3.683928515797756098e-02 1.647245430224016441e-02 3.972264548118442651e-03 -2.932776865038130842e-02 -2.423189781928067679e-02 6.491448283529928176e+01 4.883200963904459968e+01
1.640100628628242407e-02 -2.623731083618212421e-03 2.534139516027694022e-02 -2.636095421539912543e-03 -1.525243922771757138e-03 1.801920573226280589e-02 1.718870582204115594e-02 -7.759544290989568108e-04 5.537717311163756762e+01 3.877075364707822303e+01
3.752844649290917878e-02 2.501821655587612922e-02 -4.437533493093284535e-03 -3.541582602346213249e-02 -1.511336877412789922e-02 1.032222571471936613e-02 -2.369661709050699047e-02 1.956209819122867524e-02 5.547346342009811337e+01 3.422358474688790153e+01
-5.128684470591057549e-04 4.951965592055458491e-03 -4.061090820153659235e-03 7.363595337588875467e-02 -1.751508695223023479e-02 1.077229208365648380e-02 -9.464934610168984283e-03 1.916134143712811336e-02 6.295720770293424096e+01 4.613185345494881773e+01
-6.871897540755589340e-02 1.982031056120918400e-02 -7.826063972290180516e-04 3.512895896997557214e-03 1.130590272534589755e-02 -9.456609629613532686e-03 -1.546450202093305713e-02 7.787643206755526237e-03 4.594764769273820093e+01 3.088790356723066566e+01
-2.089757902925510821e-02 -2.026177021145049092e-02 2.131266250568047624e-02 1.748676109583761212e-02 3.456820454670427034e-02 -3.087063989271088965e-02 -1.182026436080332345e-02 -6.632921676026241886e-03 5.690970038716725554e+01 3.453535458787335699e+01
1.762618065924026478e-02 -3.496728182037502075e-02 -3.097516955407612557e-02 -4.924644507091348322e-02 6.795631839020102420e-03 -2.614693526826183338e-03 1.982929106031659176e-03 1.585563941406212870e-03 5.963201249181347663e+01 2.578508508682757494e+01
-8.453013626672133130e-03 -6.879502165836083594e-03 2.711271726382348535e-02 -7.638425029550217904e-02 -3.108560985268446486e-03 -7.115340353403801395e-03 2.633235420060231133e-02 -2.641410463266699940e-02 5.221330393890929145e+01 2.130188727193661080e+01
1.460640193804233107e-02 -7.431430119204563041e-03 -6.159404165894179217e-02 -7.804585862294067915e-03 -2.765735485253675505e-02 -3.410752818947460595e-03 1.537952345357655390e-02 2.560737079600518273e-02 5.704256833299314167e+01 3.099108140926376365e+01
-3.155164599375954310e-02 4.231336848938192785e-03 -3.467800785632682570e-02 -6.740791520653526686e-03 9.901557900388399322e-03 -1.911897433751602593e-02 -3.317966149145586824e-02 -3.050636383501530678e-03 5.274098040883293947e+01 3.117512194770844403e+01
-2.431409768735211252e-02 9.307433064367109238e-03 3.152169625708919204e-02 2.443489765897651281e-02 2.514748448641150082e-03 2.785697672660000790e-02 5.763674449657645721e-02 2.609111228317058731e-02 5.879672383980800987e+01 3.873656387605722529e+01
1.349209887103331416e-02 -5.317542259219079637e-02 1.932715702808378982e-02 1.877182535077593500e-02 -3.709260241763907839e-02 -9.838786740456651261e-03 2.240163662385892193e-02 1.041090268433254168e-02 5.520777933768244594e+01 3.605928104125064948e+01
2.429112842290440284e-03 9.000378149934102311e-04 3.483657861262810101e-02 3.090144904145361929e-02 -3.332078622690078096e-02 3.192657190353598295e-02 2.974026037115061472e-02 2.425160655885080091e-02 6.044108259212599421e+01 4.449529360605948369e+01
7.747006888249565772e-03 1.368763710576220358e-02 -4.303307434095792437e-03 -1.157628167127204176e-03 1.039537705404909758e-02 -1.793116993127689615e-02 -1.953103769330146594e-02 1.190497676669205820e-02 5.174461482143884439e+01 3.278435684447681098e+01
2.372249190450456333e-02 8.854864669830894361e-03 -3.491956510911847084e-02 -1.532581652356173121e-02 4.176525836622648619e-02 2.385279313371313492e-02 -5.829407002295745183e-02 -2.364485947980701080e-02 6.019492925203971367e+01 3.686677669567940541e+01
1.778389272391469461e-02 -2.877130284185431056e-02 2.580723788385098916e-02 3.193822710648152111e-03 -3.308316073045336481e-02 -1.314037266551799400e-02 1.753152326484614179e-02 2.356322149527152049e-02 5.386202800477563102e+01 3.814702130644108991e+01
6.052648724072436440e-03 -1.977977416317212855e-02 -3.100196853932036048e-02 -3.362820652658621290e-02 -1.807195455229666445e-02 -2.974889807597797670e-02 2.234366096849488628e-02 7.839838676689891636e-03 5.505417354231953198e+01 2.240407569665746479e+01
-4.854409635994942109e-03 6.463501755049567109e-03 2.089540897259651100e-02 -3.832510807599134872e-02 -2.500054306493341982e-02 -4.440226541437056890e-03 2.586215009274796944e-02 -8.038180511442840140e-03 4.815186841674820073e+01 3.125258770490054161e+01
4.383491988927782496e-02 -3.464609235486317690e-02 -5.259054012482451690e-03 -1.707779224799851892e-02 -5.470609616878782840e-03 -1.861985374244191568e-02 3.495549726846827049e-02 -1.521493610454363772e-02 5.461534080069725405e+01 3.247039439535245720e+01
3.178473603352888893e-02 -4.951119175903038148e-03 3.840549083488865867e-02 1.581831697340327358e-02 -1.042472723527626717e-02 -7.156348045002846811e-03 2.168598161209221720e-02 -6.344948089895432672e-03 6.100782656073459975e+01 4.242417743995726909e+01
7.769690877896503860e-03 -2.452930222989535211e-02 -3.022108794347199215e-02 -2.863055042317858186e-03 -1.122870106261368399e-02 4.940075954996515396e-03 -2.607536129382155218e-02 2.908057828085248986e-02 5.367750371533846021e+01 3.436002326361934678e+01
-1.452422429604486621e-02 -7.585883290758312254e-03 -2.687987151658926058e-03 2.497477047112523982e-02 -1.588329042656434764e-02 9.252622201093187518e-03 -2.432359420322856638e-03 -5.566162938477340477e-03 5.236176334565840307e+01 3.673963939348780627e+01
-3.780261952347836046e-02 6.228933616111941712e-03 3.275492596209940432e-02 -1.874850669621826518e-02 1.309692462769536554e-02 -4.457718894412841804e-02 -1.953348237736017567e-02 1.816892619587790608e-02 4.886941380268179103e+01 2.790484608512293008e+01
-1.926250810540297911e-02 1.060041056743438181e-02 1.957421185023048779e-02 -1.402079655631447916e-02 1.949372275781466671e-02 5.574733039545753249e-02 -5.495557921494716863e-02 2.834631435308185982e-02 5.089552735363001545e+01 3.787730004941119688e+01
1.396719654328776317e-02 -2.587265635578016917e-03 -2.939224873325630913e-02 -3.379477020814676243e-04 -1.560900435280677089e-02 -6.346603148946913797e-02 -6.950745223127300851e-03 -2.934358667589853815e-03 5.221304216946188603e+01 2.974905847314910190e+01
1.089875567791534321e-02 5.157580570104439849e-02 2.293105890653378016e-03 6.310967114692178290e-03 3.599467315589430921e-02 -2.645547105114086361e-02 4.327167639113270459e-02 2.782983859001782537e-02 5.461907812775677229e+01 3.987575218873610794e+01
-1.938123196809984905e-02 -5.871130036023870097e-03 2.839657333506462669e-03 -6.746196192555623016e-04 3.868982482471525208e-02 2.868381294235506761e-03 2.213366794673147023e-02 1.160217660907128523e-02 5.105973285656750704e+01 3.876981377326649891e+01
2.536319135147577924e-02 1.169517636685548680e-02 8.465830683534141324e-03 1.635128995547127650e-02 -3.949089630847954502e-02 -5.804502524236878963e-04 -9.229770310520569315e-03 -7.129718365275916452e-03 5.378668078297886268e+01 3.701388619997755569e+01
-1.854790268020995196e-03 1.005333895556133339e-02 -2.531290210068459431e-02 6.182383880458015152e-03 -1.298137531058341648e-02 -2.956732544782359612e-02 -2.912630868880983215e-02 -4.077127720068417054e-03 5.115337089896599565e+01 3.174405666799273718e+01
2.305937980430990131e-02 4.291070277719173653e-02 1.946399969670659438e-02 -3.903014227741074399e-02 8.353653297144252726e-03 -5.402474643051574654e-02 2.284678816670180149e-02 -2.036653955035645433e-02 5.243000147679416045e+01 3.272483418267150057e+01
-3.287963409893909089e-02 2.267545869430373853e-02 1.657116935802414523e-02 5.672869625274780392e-03 1.060220042201534367e-02 1.327014420996479142e-02 -1.966608164352996735e-02 1.482304737015528381e-02 5.268376128725533647e+01 4.093855888914731622e+01
2.787127435174408582e-03 -2.903774562815209306e-02 -5.820795894528846097e-03 -2.936854308534866259e-02 -4.239871451577325451e-02 -1.612561957857993125e-02 9.612548774576509109e-03 -1.105984870461393377e-02 5.015116829718102309e+01 2.658963677182087437e+01
5.975657130842646284e-03 -6.567759653597586046e-03 -5.275721583992409175e-02 2.426607249090324825e-02 1.790086937754652857e-02 -1.859154445649281381e-02 5.819567283425530757e-02 -7.899516281233929030e-03 5.537499860399135798e+01 3.511303053382405182e+01
-1.779191710641807311e-02 -3.456035121734028770e-02 -1.958770384122227731e-02 3.165055307085959044e-03 -1.944873218759769068e-02 3.181795884364654881e-02 -6.518906511987393113e-03 1.913427986782821957e-02 4.999252024640462366e+01 3.477375515487359792e+01
8.184143483700464725e-03 3.401121230334825437e-04 2.762310005070861725e-03 -4.319546502256484122e-02 2.540118129567932315e-02 -1.490367772045090439e-03 6.867437989238092157e-03 -1.497890768489788804e-02 5.570849811159242648e+01 3.107634468760609892e+01
3.394111664095410957e-02 4.716873963800594788e-03 -3.595358830875398926e-02 -2.553174199425629291e-03 9.529065688982520099e-03 -1.101732889033752751e-02 8.086925747043526014e-03 -6.984401190192742956e-03 5.749736010714615020e+01 3.805775787659477061e+01
-3.733148904725067108e-02 -1.889869088770703559e-02 1.371976373164736883e-02 2.509796474801487265e-02 -2.859657995452432114e-03 -4.059185533121520417e-02 -1.770482316062501824e-02 -7.269025506538883026e-03 5.348122782484509230e+01 3.101971229963542243e+01
-1.668310067611031289e-02 -5.410241356662127445e-03 1.070708134579010859e-02 9.971542439893557250e-04 -7.472963415610745473e-03 -5.856548254254565801e-03 -3.257065784580924495e-02 -3.785054140791395405e-02 4.969174613681064301e+01 3.036180122785803803e+01
-2.404909053427718019e-02 2.491651191804799756e-02 -3.941143947259074382e-02 -1.165796925025605960e-02 1.311359785975259274e-03 1.043242829291034235e-02 1.147871752568266866e-02 3.678290520625533688e-02 5.400313094577779793e+01 3.070273601826098187e+01
-2.370881317767594906e-02 -2.352700141773134135e-02 6.714120075936135922e-04 4.162347687001008434e-02 7.917498673225210198e-03 2.697539895960992043e-02 1.185234308915173894e-03 1.096472632555625963e-03 5.744610994943533200e+01 3.985314483457359813e+01
-4.216393024797466735e-03 4.411050378643928405e-03 -3.782758367193098104e-02 -5.731853998871516004e-02 3.709094832482384002e-02 1.611402099288387207e-02 1.099398991329837011e-02 -1.283356794907676568e-02 6.172219961768359298e+01 2.905720204303479548e+01
5.385793722986552401e-03 2.694760762747432786e-02 3.197092613316999260e-02 1.464310644958479075e-02 2.282761058005645244e-02 9.252237808271727287e-03 1.886171867926265608e-02 -4.441042540356931329e-02 6.011641212035243598e+01 4.198870044851665995e+01
5.406471719972669523e-03 2.063732451419358904e-03 2.510000264360321212e-02 1.565430659038131653e-02 -2.651582481319916459e-02 -1.679962909846461488e-02 5.692012830318622651e-02 -3.301518948522867009e-02 5.557596326283191246e+01 3.476560023440370628e+01
-2.406204761019900898e-02 -2.159526520799793028e-02 1.349435086160660421e-02 1.662239060001415372e-02 -5.828651094992239046e-02 2.901803642175864589e-02 -2.562880517276216324e-02 3.542072027195408007e-02 4.998166437493350145e+01 3.683489786466339666e+01
-1.423447763202509431e-02 5.140839705298967145e-03 2.682415957527243058e-02 -1.364664108404231059e-02 -5.452432519733498538e-03 -2.410917357751949007e-05 -1.522085332075046558e-02 4.204777017169881309e-02 5.074719793726764294e+01 3.093245462422382275e+01
-1.048603420896199699e-02 9.201383775266094855e-03 -1.427776568717212605e-02 -9.243536236298073236e-03 -2.072965310674747610e-02 3.747395675888319511e-02 2.009656990215040462e-02 -6.487016169132148354e-03 5.059869046104973478e+01 3.666332159259491164e+01
1.102699970753327936e-02 -1.264936008916298094e-02 -1.729277314992000436e-02 8.899587987095482211e-03 -9.186587741909788343e-03 8.115454575437172982e-03 -1.837358379452199569e-02 -2.421074752928583859e-02 5.160012928984750857e+01 3.819607186827419554e+01
-1.782693872467193408e-02 2.332485396906220851e-02 1.330908394110816816e-02 -1.337024023333825869e-02 -3.547351708656042851e-02 -8.519338373937148171e-03 3.902433121826576895e-02 -3.234107472113575271e-02 4.563643737047101467e+01 3.131515460388527217e+01
-6.339077040210277418e-04 1.845641037621736577e-02 2.535356868047310835e-02 1.192311499619171968e-02 7.216688433226479613e-03 -2.499071893844376224e-02 -3.800985046467939953e-03 -2.516835433722669144e-03 5.656827947166348736e+01 4.187283329596531445e+01
2.138742963726079221e-02 -1.689712519703136587e-02 1.013359742867376602e-02 -4.844685008896458533e-02 1.753853491850775395e-02 -3.916540454742835874e-03 3.872369258682234992e-03 1.073900703209541190e-03 5.559805156354234867e+01 3.058083976897457035e+01
-2.371145442947690876e-02 1.025544747448584038e-02 2.746959425725962328e-02 3.945880304675505011e-03 1.038791251421795729e-02 -1.692931701501281666e-02 -8.019238585735748159e-02 3.743160896908348631e-04 5.382880459338145585e+01 3.575089709928835902e+01
4.652824276980782560e-04 3.872690673948842727e-03 -5.330202581603599166e-02 6.447015363661586472e-03 -1.255679353365938070e-02 -6.149462540591756760e-03 -3.462061457983427876e-02 2.483163898753518520e-02 5.450668712436091567e+01 3.139595466249821953e+01
-1.674574729739858672e-02 4.891310174527889812e-03 -2.520575316762282275e-02 -4.291961637631432416e-03 -2.086192476083986377e-02 2.148864255779908347e-02 -1.210754149913026781e-02 1.722262169154429451e-02 5.105856154152534288e+01 3.076544717411105978e+01
-1.110220150936347579e-02 -5.574206166040516358e-03 -3.402272220416385252e-03 1.759397765593037274e-02 -3.580627365090052749e-02 3.380978057361579137e-02 2.114345813280243958e-02 1.523411624939364009e-02 5.011453953237123926e+01 4.002268955806788142e+01
4.841576946646394125e-02 -1.905096827741996259e-03 -2.686765196014830048e-02 -1.176234469878771702e-03 1.502233578367488144e-02 -4.938389442537424040e-02 -2.697085961991804899e-03 -4.352234681578039110e-02 5.709860141067029815e+01 3.406829156246865153e+01
-3.411204457410202395e-02 2.120559454179347936e-02 1.959086746085799205e-02 1.215989882388062576e-02 -1.106392536729232726e-02 -2.773868120637457482e-02 -6.297688998445543328e-03 -4.703103622693460134e-02 5.197724105894000246e+01 2.763897052177025770e+01
5.616333253034491019e-02 -6.147369128537423510e-03 -1.409864708973031580e-02 1.000576592277280415e-02 1.521352629245590303e-02 1.179562894280989163e-02 1.599091037061856069e-02 -1.267417071946476403e-02 5.608383025034444103e+01 4.053489551837253657e+01
-4.227968651627285468e-02 -4.506181567271837739e-03 -6.884422570108977672e-03 -2.564185888862323230e-04 -1.708577363133240851e-02 9.868582028416674271e-03 -4.969474817781809051e-02 4.592857543309412233e-02 4.644288561503856982e+01 2.998406256024822980e+01
-1.887750509296565529e-02 -3.474891236956456977e-03 3.131718826657127475e-02 4.401253133262716943e-02 -1.668287610045052910e-02 3.061103014796381916e-02 4.819327284200824318e-02 -3.738382885189760196e-02 6.158356830650294711e+01 4.515827284327748714e+01
-1.424605602352905370e-02 2.635545036233987587e-03 -3.241380108782154768e-02 -2.807552890985387170e-02 1.865169896804637134e-03 7.680880185134146033e-03 9.158835134205490624e-04 -5.473399771667270333e-03 5.547283740622017234e+01 2.836762657332785409e+01
4.463377505616529517e-02 7.670658436461551266e-03 3.354340967436478943e-02 -9.433890897680470219e-03 1.473809244294944400e-02 2.438195935861083713e-02 1.521313625626921281e-02 -3.148504346788475860e-03 5.819567620373644701e+01 4.557569388243329200e+01
1.215445165238735956e-02 6.784091740952600397e-03 1.255386035210592950e-03 -2.427646925275090198e-02 -2.908463473602846631e-03 -7.654050692780070856e-04 4.739710007909300228e-03 -1.634313370768736284e-02 5.217071209681380850e+01 2.704299121648282878e+01
4.387073103934041943e-03 1.020578386530139603e-02 -2.388753452619749029e-02 -9.478847523791009144e-03 3.560882432611093412e-02 -1.503910066448770066e-02 1.058649486199789505e-02 -2.481228012023978247e-02 5.584235505835010116e+01 3.418952957425155859e+01
4.525793626285282492e-03 2.420279911416301378e-03 1.549483751984424102e-03 -6.370701828849504103e-03 1.533749638274419479e-02 2.979785982858992183e-02 3.867384407042796790e-02 3.105164933240344219e-02 5.223682124049314979e+01 3.819113822498293587e+01
-4.807443591154757744e-03 9.408742484378181115e-03 -7.110711110302681513e-03 -2.648646543408849502e-02 -2.704706655308105126e-02 9.159948436709695538e-03 -1.933111608984393673e-02 -6.256746441711507310e-03 5.107265357795155580e+01 2.982927080334589220e+01
5.087417508274863498e-03 -5.503881005632956305e-03 -1.187505860549548618e-02 3.305474540904478759e-02 -3.101985858502982404e-02 -4.653153238535362446e-02 3.235745525079805097e-03 1.425601059772417523e-02 5.276266668310940844e+01 3.335728021797908127e+01
-1.529652855828754487e-03 -2.264756752448403299e-02 -3.296570763503672147e-02 -5.625957533305030178e-02 -1.048659748763838134e-02 9.549073052769675718e-03 1.731887413847515295e-02 1.706158109490686636e-02 5.764015561590875336e+01 2.639372099095766089e+01
2.746724148881026298e-02 1.030822942596662517e-02 -6.008660073004499884e-03 2.456043906829484189e-02 -2.967836461287030533e-02 2.682218785211702618e-03 3.072718767234329171e-02 -3.302134559703993628e-03 5.415376236831145462e+01 3.949306171491580386e+01
4.540615799333225060e-03 -1.524737638346885561e-02 2.353733517216586094e-02 1.976963162905533145e-02 -3.947176503719268710e-03 1.515505402578356739e-02 -1.847237587767747158e-02 2.899624697420975783e-02 5.787273384734533721e+01 4.128978066962199023e+01
1.475932075467490528e-02 5.148605442231420429e-03 -6.468976156765237490e-03 2.261398618343776756e-02 -3.065789924930181765e-02 -1.449681465081129050e-02 -1.474032279638219601e-03 4.922908226804335874e-02 5.228482360585340416e+01 3.897187035986958392e+01
9.541668258644683473e-03 6.366321224137333479e-02 -7.470895547094866121e-04 1.096034686363222752e-02 7.317115925479737888e-03 1.858860922275336683e-02 -1.768095301589271348e-02 -4.529894926032836805e-03 5.338121597417256936e+01 4.412283820026183179e+01
5.805268524202619393e-03 3.039377510456527792e-02 1.074929339446931576e-03 1.521835881901213543e-02 -8.329324183445029062e-03 -1.204034148413620983e-02 -1.827319782061838024e-03 3.885224308297159559e-03 5.283584108436318871e+01 3.727676979362679788e+01
3.912350315413368196e-02 -4.537818654300111265e-04 -6.706707813820710073e-02 3.611875747303465705e-03 -2.416837639319444411e-03 -2.166632664686756957e-03 2.687693578700675254e-02 -5.402190985749422483e-03 6.022089933487221458e+01 3.272900931258072887e+01
-4.095607366504684654e-02 -3.276851452818418248e-02 -5.699448221576287887e-02 -3.100213089894312147e-03 8.376022250807435912e-03 -4.706844735626774731e-03 -1.452428529142526029e-02 2.999757012885505975e-02 5.393429720524873971e+01 2.490400589531417097e+01
-2.827552199796220730e-02 1.938658961695578775e-02 7.586079935926149861e-03 1.956736329871325633e-02 1.504240254731703877e-02 -1.699410608175058734e-02 -9.864893780511833563e-03 -2.260661803716907878e-02 5.368866886535779770e+01 3.668887666761790456e+01
-2.250194812615169404e-02 -7.389863063782792403e-03 -4.699080715622609358e-03 3.279738828781179893e-02 -6.042859761866343701e-03 1.441448981013172294e-02 -2.423762379192884175e-02 2.298480805834514362e-02 5.381760339943339488e+01 3.795775752144195536e+01
1.147027867131382266e-02 -3.257370609520422733e-02 -2.595464671439830402e-03 -4.076541532880591234e-02 -1.414579912370040639e-02 -2.157457899982713825e-02 -1.191975392650368969e-02 6.053518533565119090e-03 5.317703338818346026e+01 2.852925586652145640e+01
-1.073392296693869395e-03 2.642937991224531685e-02 -1.118543508552607112e-02 4.676395250333870851e-02 2.256214412821472629e-02 8.567291478639845956e-03 -1.450219824491292935e-02 5.413324588152604311e-02 5.901060662414445801e+01 4.242952997221701139e+01
-2.596713918499473153e-02 1.492582390323470010e-02 -1.610375800003287922e-02 5.523885902771171266e-03 -1.633053188351753227e-02 2.774314741473563745e-02 -2.799537418796470539e-03 2.380202130236837039e-03 4.908347263465383037e+01 3.060892737156406795e+01
-3.949137856770494961e-03 3.051723821846008457e-04 -1.463895023984493164e-02 2.716622955699618969e-03 6.279856909721120810e-03 1.018977953142778843e-02 1.940657240749205439e-02 1.125314556595180884e-02 5.194665118340886067e+01 3.371771683639227746e+01
1.690351190791593988e-02 -2.563556867303564551e-02 -3.906861613631566754e-02 -5.754691013318696986e-03 -3.455242395221024693e-02 -3.189780648383372386e-02 2.509351469336872087e-02 4.790159105758040603e-02 5.336240757320937433e+01 2.513204931134263731e+01
2.067561112969592760e-02 -1.150653410688476028e-02 1.589934544843827485e-02 -4.604918890834104606e-02 -2.279121587700525323e-02 -2.489302966631312848e-03 1.601989975313555803e-02 7.079805749768973422e-02 5.209415157248510297e+01 3.186523578488260711e+01
1.431160543728919772e-02 1.008883679679739055e-02 -3.276370741082267057e-02 8.278211255765366081e-03 5.027277032213692265e-02 9.188650820483784676e-03 -2.352721189339574900e-02 2.431636767202018795e-02 5.779032267765065711e+01 3.978072255234126686e+01
7.020795602822323123e-03 4.246536859920715772e-03 -1.250591326624671262e-02 -2.023842631798737635e-02 -4.092130764247971925e-02 -4.780352595177794067e-02 -3.596616545980423595e-03 2.393165886029000738e-02 5.001260630638401494e+01 2.314172591665331069e+01
1.489129173450796061e-02 -1.515902852513637336e-03 -1.335832931656305046e-02 -1.433592770005438777e-02 -6.098231904136935250e-02 -2.837656699850020156e-02 7.102161242351456849e-02 -3.864842923660558732e-02 4.948758602914314508e+01 2.783052324445981895e+01
1.765952240697821543e-02 -3.245984592291427211e-04 6.070360417876106453e-03 -1.991093934332140158e-02 8.843667507207163140e-04 1.442098247468851999e-02 1.089532330918659055e-03 -3.686308134399102644e-03 5.273012772218454813e+01 3.700350099935655379e+01
2.789078177709446854e-02 -1.428019302523573196e-02 -1.408990139506282983e-02 -8.077898304967780219e-03 -1.492643591365092753e-02 -3.146584813066046361e-03 3.641389241346435629e-02 2.501090282797181416e-02 5.332404947633574466e+01 3.263745429424611189e+01
-3.449276395965060471e-02 2.251608046656771236e-02 -1.213704547034726022e-02 -3.216429275492417583e-02 5.409567839545519584e-03 2.898810079767441192e-02 -3.355426549755468474e-02 2.322269747099343223e-02 5.206601853218725040e+01 2.737939728201388689e+01
-1.287642868783506536e-04 -6.196546221583394687e-04 4.278614241205714458e-02 7.808226738301541139e-03 -2.660603499925532148e-02 -3.037113407446861979e-02 2.543011160761661157e-02 -3.972696932667559022e-03 5.640585515442533904e+01 3.470672573353918722e+01
-2.652494942013306628e-02 -2.705914856056719497e-02 -1.828854629269723378e-02 1.113599462021055107e-02 -2.715740489727708207e-02 4.583273565926441681e-03 -3.794887960039383668e-02 4.705913832523007240e-02 4.730673071406376806e+01 3.214754953434966467e+01
2.396964447023321176e-02 3.960124135909773302e-02 -2.949439418216160194e-02 -3.127135388442160713e-02 -4.921885331364174443e-02 -4.759351612412487248e-02 -1.956363063663776099e-03 2.638960335354437886e-02 5.382174920010503882e+01 2.607682955890367538e+01
-9.240633238729714649e-03 -2.852559945248987327e-03 -2.538016625129905883e-03 2.143500013148251157e-02 -1.517758665724825914e-02 2.721148220854724756e-02 4.939881995302933954e-02 -3.696646234796063715e-03 5.269168632090479321e+01 3.683392883727522360e+01
2.386827853967099511e-03 2.993313226571937911e-03 -1.349189747849292680e-03 -2.298037434677192847e-02 -7.769481293291631389e-03 -5.178991624460268194e-03 -7.283880773242665599e-03 -3.721264914209564817e-02 5.178792531977552471e+01 3.181496776631704648e+01
3.383870874490432779e-02 2.633348027250343934e-02 5.055364443727557167e-02 1.068152952360455765e-02 -1.006204618212125021e-02 -6.891021925762792766e-02 -2.131999527938772260e-02 -2.306678610610808644e-02 6.120110659687959043e+01 4.011223350764086604e+01
-3.061814485725363952e-03 2.528123976668065001e-02 -1.263187167443832054e-02 -2.474080631782569345e-02 5.442933494735511385e-02 1.090719901412353851e-02 9.496048631968786319e-03 7.843081009896000697e-03 5.671344706467815655e+01 3.833493232273144002e+01
-1.698818143174813874e-02 3.960677924553820256e-02 -3.665340803552225024e-02 -6.402814789787829482e-03 -1.253812284625037930e-02 -8.689210869079850783e-03 -1.167378735761282621e-02 4.602058918884105454e-02 5.251794656085105828e+01 3.110801069328753954e+01
9.560098343902527496e-03 -7.738665460168925141e-03 3.615999944141800714e-03 -1.554981103819168264e-02 -2.667851921952335212e-02 -4.350648372556443523e-03 1.106872327171443127e-02 1.031132500742508147e-03 4.956853414050114992e+01 3.039176167154707286e+01
7.920528780067844984e-03 -3.731950573917244829e-03 -4.016696834915542413e-02 -8.720684655292471629e-05 2.737863556980161747e-02 1.545767220313890196e-02 9.999674170999875780e-03 -1.002197384916227059e-05 5.711831248977825481e+01 4.208649818792137154e+01
-7.172728712290826758e-03 1.491204850474676458e-03 1.848056646117674298e-02 7.385903004847953722e-04 -7.405563846131241017e-03 5.057887566305687733e-03 3.570335963269110485e-02 1.181700756292707911e-02 5.226378195522098480e+01 3.556399213780653668e+01
-1.108830820998296142e-02 6.531482001037942214e-03 -3.742144832787409198e-02 -1.496511539878274746e-02 1.907438904201007313e-02 -1.573688064069311138e-02 -5.985501249508044797e-02 -6.498924911430843665e-03 5.583888712434855250e+01 2.591120573232856117e+01
2.703288986471226105e-02 -2.098655887598600486e-02 3.478911295852671337e-02 2.564361357575191055e-02 3.131494532231244177e-03 8.265772061905185195e-03 -2.597680332510455756e-02 -1.639746125826572120e-03 6.292748001789027512e+01 4.693769971999621049e+01
-2.140384676423669143e-04 -4.205246735802908864e-02 1.642920716098143861e-03 2.545898191446805889e-02 -1.344108610165782765e-02 -4.831847124679616683e-03 -8.736004677821068709e-03 5.793561610336240772e-03 5.399074655872456674e+01 3.745821771297591596e+01
-1.766777229911702801e-02 1.432296754828948047e-02 1.083072518338005358e-02 -5.040033273601981362e-02 2.332457979843994417e-02 -2.311422360602864885e-03 1.823966750176190393e-02 -3.997864132392744962e-02 5.364860528712357990e+01 2.828845322715343968e+01
8.133348503388690420e-03 1.844483880806050205e-02 -3.172151006230927023e-02 -1.317596447635225460e-02 -4.378153713665425967e-02 -8.676140087727346809e-03 7.592810654003744573e-04 1.016122711238603461e-02 5.220528660366902329e+01 2.607655137427353509e+01
-4.323228395253771866e-02 3.337048162323243833e-02 3.052207604472472954e-02 3.804211217634744912e-03 -2.489697188180006043e-02 2.983989605705995515e-02 -9.151456732126882210e-03 -1.823675404034412820e-02 5.125942380776368168e+01 3.524923570397820072e+01
3.389158772486921406e-02 7.557581755429202547e-03 2.179111370839169337e-02 6.873184571862565395e-04 -8.214392570418612566e-03 2.578002849128309404e-02 2.782975758958549858e-02 -2.841859134874280893e-02 5.615933297514566647e+01 4.549340016976802303e+01
3.613678443299003090e-02 1.038706485788021272e-02 6.340825977479563891e-02 -6.934779846512926019e-03 2.523851671330241964e-02 3.600726289976115008e-04 -5.852716471013647698e-02 1.407281370938250585e-02 6.346648162327598897e+01 4.516200545127458810e+01
2.189198686971938201e-02 3.024552991155176132e-02 3.583749070940675518e-02 -1.267289658691601872e-02 -1.905945768692214604e-02 -6.971844767497183473e-03 2.723680794498386723e-02 -2.821098455687835391e-02 5.333827454740715268e+01 4.138551708768459036e+01
1.109168040321704095e-02 -2.096957296544766855e-02 1.854125560609723097e-02 -2.662427896025006818e-02 -5.097991657956500548e-03 -1.898224418191776135e-03 -1.910790957106891456e-03 -2.137717714437307667e-02 5.019986716986051078e+01 3.649607389130482460e+01
2.421563349329142190e-02 6.367503390137684363e-03 -3.527274570002038312e-02 -7.832370906762211118e-05 4.461117877220088790e-03 4.012514267608012497e-02 -3.747773192849956220e-02 1.225339093358474192e-02 5.656603537265704063e+01 3.853825425107157798e+01
-3.444672376677563458e-02 -2.926684869425445409e-03 5.477951692212730712e-03 1.945797953364929861e-02 -3.247344620746423632e-02 -7.097041393792400711e-03 -3.448864172580567294e-02 -8.459890754413453007e-03 4.979802910092445956e+01 2.817884433398972277e+01
1.550736958242332313e-02 -1.127626842295850230e-02 2.676348854064068694e-02 -4.473743340816783293e-02 -8.983303186515904926e-03 -1.201630533398896292e-02 7.928865936355253274e-02 -2.247221015957417273e-02 5.062895291927954133e+01 3.177558971136384969e+01
7.041754946387157772e-03 -6.145303130262684717e-03 -3.117242708491775333e-03 -2.326958303971386061e-02 5.347686871872469119e-03 -7.852479943038944126e-04 6.080007649259982355e-02 5.578902690166359125e-03 5.313792635032869782e+01 3.494858393541807828e+01
-4.233279714865483684e-02 -8.279734749388832638e-03 -5.289933439216888689e-03 1.262573280855981868e-02 -5.200239753279256583e-02 1.601263146982596919e-02 6.278920390442365405e-03 -1.887355558258599570e-03 4.523617792882613742e+01 2.968429843740169716e+01
-5.452673205490907865e-02 1.887017130473558901e-02 -8.563330168691337882e-03 3.970322671344913776e-03 -1.572072423903490487e-02 2.749703264897231103e-02 -2.715406326617407495e-02 4.130231192306768606e-02 4.605998638429143455e+01 2.943657244225365943e+01
1.478928158120757647e-02 -3.672804636791957705e-02 -1.115215031876844697e-02 2.481766025007443519e-02 1.930022976247329838e-02 -2.270943234474603195e-02 -1.807277350838008834e-02 5.713796484936114854e-03 5.555975331800303962e+01 4.203837123754889404e+01
1.747464681513173981e-02 -1.341192374163634356e-02 -5.088571471227805454e-02 4.159364061336871116e-02 2.430941725785902216e-02 -2.297111730929154722e-04 -2.355061150728122304e-02 4.374679399349903908e-02 5.533696920769551753e+01 4.312163475357852604e+01
9.237747657722792174e-03 7.658743164039892755e-03 -3.564558864636450941e-02 -2.740338650405841139e-02 -2.352939325989792177e-02 -4.520859801440665904e-03 -3.592686548298601457e-02 -1.680382577796562561e-04 5.534641936738659496e+01 2.725894362924053027e+01
-1.063571250535125592e-02 2.384548222958528599e-02 1.398991437480024726e-02 6.322398810170848718e-03 2.665596599402074787e-02 5.294513119257746037e-02 -5.265103216004515113e-02 6.332535617896536051e-04 5.510314234860764060e+01 4.438762595147416334e+01
1.754272685635351742e-02 3.407782241339642193e-02 6.557248220499172636e-03 3.807609743502010646e-02 -3.363656870408377342e-03 -1.394753338599584967e-02 -4.242506246332114483e-03 1.488961155061221085e-02 5.947490489695050542e+01 4.050201435047016929e+01
-5.205378265391686493e-02 -3.023771929660970872e-02 -3.878502007144504077e-02 -4.043267278678810278e-02 -2.435193340787517036e-02 2.626806950858890169e-02 -1.250537561288968431e-02 2.053711951805224298e-02 5.254062545987530086e+01 1.916961604752671633e+01
1.858255006684150085e-02 1.214251910472557809e-02 -2.637374431156070190e-02 3.361197329752978885e-02 -5.148000454539919390e-03 -2.249636449628376889e-02 -2.933901353617575716e-02 2.676098159987855274e-02 5.347333914860571014e+01 3.989532193016768247e+01
-1.986922093403956351e-03 3.120580851945095602e-03 5.758910332135674763e-03 4.034683387021497508e-02 -2.391584034717602128e-02 -8.738693987112817552e-04 4.047812678943192577e-02 2.353271586325478629e-02 5.735915636301406551e+01 3.706438554321886159e+01
2.967929846866546734e-02 -2.291543026773338460e-02 2.956429551820391813e-02 -3.514414483397501165e-04 1.226530734182810015e-02 -1.724879238274671604e-03 8.722941950656456014e-03 -1.542510592839876037e-02 5.778571441071909476e+01 4.603590757792653676e+01
1.892289111371811550e-02 -1.111753158484083976e-03 -1.308254927000009407e-02 -1.033890071733765785e-02 -4.678054121800678117e-02 -4.315631292445267636e-02 -2.256725360414451112e-02 -6.460826144287028748e-03 4.986544432077007372e+01 2.747265743362535417e+01
-1.939167524652277499e-02 -9.826477260486453716e-03 -1.975316183568388839e-02 -1.526162036735890376e-02 2.007546877948414993e-02 -6.279843883272755514e-03 6.142781906802243473e-03 2.581209939234500525e-02 5.310840809358883519e+01 2.531859497528353131e+01
-2.260131159005476092e-02 -2.006002470414120636e-02 3.867425270991672534e-03 -3.774092261457991787e-02 9.363898618433411092e-03 1.150602164667532609e-02 6.141607811552369373e-02 -2.539193671270757735e-02 5.200633018881988079e+01 3.110455274924957436e+01
-2.172551332908899055e-02 -1.548923474025053725e-02 8.962941843809808795e-03 4.787651232295692116e-02 -1.649698333331119787e-02 9.971122921889405757e-03 -4.460809933339182631e-02 2.563878450185208026e-03 5.861493016250858545e+01 4.223408740355367996e+01
2.560080508393668824e-02 -5.234237690472587183e-03 -1.334207553279929959e-02 8.602153761291225775e-03 -3.028778851520539869e-02 3.126609775840712147e-02 2.823128113032450856e-02 3.270959707319442099e-03 5.118064585750940410e+01 4.021567062539619997e+01
-2.331845853389427972e-02 -6.458297419322286091e-03 -1.047465695838900937e-02 -8.352463016021129810e-03 3.654258533997949230e-03 -2.199367451373737681e-02 -3.180139118112725732e-02 -2.500510572697335794e-03 4.992942733815434764e+01 2.787035188989044343e+01
-2.080273329754915319e-03 -2.523943477248058627e-03 -1.112890140681433923e-02 4.618899355264788169e-03 -5.407775380316686212e-03 -1.525581447114347615e-02 -1.589713064891891403e-02 -9.278377652413613563e-03 5.029317592562311745e+01 3.121758314956332470e+01
1.418921733346711553e-03 1.761867384771557965e-02 1.101234991632479843e-02 -1.711561508893830880e-02 -3.533978324990754566e-02 1.553770229354297164e-03 -4.676820631062936218e-03 -3.496592893863907647e-02 4.794819875914502916e+01 3.074794759822423629e+01
-1.392589107000977156e-02 2.373882489610508462e-02 -5.602395555374736248e-03 5.796814862824750669e-02 1.470328163368054414e-02 -4.461934456148716754e-03 2.636655403701733055e-02 8.205272081961836189e-03 6.050449307011790268e+01 4.303794295073438292e+01
8.990305554314327596e-03 8.605156257114388030e-03 -2.849244310551132461e-03 8.881363761205055343e-03 -4.383479572712414840e-02 8.972089916808178786e-03 -5.183755072126626680e-03 7.642295762612568702e-04 4.924339738941589673e+01 3.300512877506449883e+01
-2.717740058317724087e-03 -6.873160960533948940e-03 -2.420028083754185641e-02 3.004423244683861877e-02 -8.584020312122419422e-03 4.897088919370113508e-02 2.877388805186427770e-02 -2.657326160022246541e-03 5.204979634593907178e+01 4.478066991953568987e+01
4.326002647894803405e-02 -1.371130416842073971e-02 -3.563813182839829091e-02 -2.535334954679549502e-02 4.619169000462113039e-02 2.735534915797507155e-02 -2.942795937364347386e-02 1.243113420853406322e-02 6.302745543134132333e+01 3.564046699036194354e+01
-8.587832646857608554e-02 1.444033943388148451e-02 2.039932549400606462e-02 -1.998329058715045403e-02 3.064696171203488625e-02 -8.425996598061001597e-03 -1.625706448348956034e-03 -7.297088704341276894e-04 4.514372262200696184e+01 2.731359202535011477e+01
-1.505655434407764635e-02 6.843385584017992393e-03 -5.130798634400527553e-03 1.454957732339822590e-02 2.287683255255557047e-02 -1.011329525227911037e-02 3.616283548754203880e-02 1.443479596523984665e-02 5.195722041661323942e+01 3.846076858457387004e+01
4.489331181413490357e-02 -5.004958327689663054e-03 -1.370990723107272727e-02 -1.571972230903393233e-02 2.935576530465399195e-02 1.795475445802715078e-02 -1.476045232762457013e-02 2.835919212088120964e-02 5.827848263945414686e+01 4.027273187241850394e+01
-1.084188079063941323e-02 1.823460244847065898e-02 -3.419678844570880460e-03 9.731049879823195498e-03 2.814120683237732699e-03 -2.931280537666886704e-02 -4.379468505981134324e-02 -1.738803031017586292e-02 5.012590340586684334e+01 3.436952208601737624e+01
-1.969961975539755508e-02 7.544352822415875464e-04 -3.954335957630846637e-02 1.850506529085405028e-02 1.247390465724452363e-02 -2.327374664187255218e-03 7.948792528891310272e-02 -1.409251225822465495e-02 5.243638129573857753e+01 3.565079991384128277e+01
-1.013220284363704031e-02 -1.554658402644426736e-02 1.111577963623591736e-02 3.687169190548176406e-02 6.940862157069477983e-03 1.591844844103889808e-02 -2.124080976288264533e-02 1.959871719551060931e-02 5.918293337084411831e+01 4.268240845688177387e+01
1.775249097696958434e-02 1.571482442944116195e-02 -8.595772555444222696e-02 1.789381297187852063e-02 7.858395225802450312e-02 3.178279597751362817e-02 4.040363575013490582e-02 2.913231741835077201e-02 6.553599435063745204e+01 4.295440777907776919e+01
1.768920679615409303e-02 1.064234838540604328e-02 4.752324331216385006e-02 -1.835081815705056837e-02 -3.182653341104193200e-03 -3.106980164836534858e-02 1.336287445833093251e-02 -1.230249775192537691e-02 5.469964671903985476e+01 3.390821935066855275e+01
-8.184009595458665784e-03 -3.564177475248308125e-03 2.030858656479499202e-02 1.815877428040885491e-02 -1.663901641242397297e-02 1.641183532289322566e-02 3.195747839072250740e-02 1.873974663399457369e-02 5.526213663797824438e+01 3.827569350639993928e+01
-1.003251123801746081e-02 -2.381812063833776624e-02 -6.150020729663733046e-03 -3.092058979869065014e-02 1.618148425831380730e-02 2.421389948411265675e-03 7.885998254940808014e-03 2.484454254111119389e-03 5.359494889434968456e+01 3.194699424711745905e+01
-2.890900406688247035e-02 -1.818873020250986799e-03 -5.896230520358557853e-02 6.944060425192219270e-03 -2.057197241890680942e-02 -1.996750054119048740e-02 -2.562946194254978050e-02 2.808154050892026216e-02 5.292827344343740492e+01 2.394545118057269661e+01
8.939722991127484544e-03 2.232780693159087601e-02 -2.349632642473684085e-02 -8.590295508419226386e-03 3.065554383933815838e-02 -2.861466372745284648e-02 -1.300622414596446647e-02 3.017620073193765309e-02 5.603436448059160568e+01 3.502912164687118945e+01
3.264425074593757525e-02 -1.271120740303819871e-02 6.780162664454494198e-03 1.585734108223274194e-02 3.046077210237952901e-02 1.824664779161144432e-02 6.951332802355847731e-03 2.563440155233474155e-02 5.878822333230438346e+01 4.360997192338924577e+01
-1.665116821064831568e-02 6.096221883342977516e-03 -1.695118008992131317e-02 -1.570015079391622395e-02 -8.770396331251428378e-04 2.390160077806681351e-03 -1.233119771371618718e-02 -2.552757759905199472e-02 5.209215867618647167e+01 3.150789322241760360e+01
-3.603892888515460025e-02 -2.987130644578398983e-02 -5.719997370698064881e-02 -1.060851433173126343e-02 -4.727624409381498555e-02 -1.938740975528862459e-02 -2.255609362935173320e-02 3.820510686562416779e-03 5.132666194970367002e+01 2.056011372777108193e+01
-7.231260283933193568e-03 -1.640836649981063100e-02 -9.388335725192656399e-04 1.453418555634931832e-04 -1.068280900667743262e-02 4.195206040873395575e-02 -5.113280273457633703e-03 -1.259633633480457607e-02 4.939506152875555500e+01 3.789738010912960675e+01
-3.682693240399986280e-03 3.961285198709851851e-02 -2.791630604781552769e-02 3.516218273446411469e-02 4.194889630945346226e-02 -2.384565592445005849e-02 1.454444649129914974e-02 2.339082047602360128e-03 5.463984148745021940e+01 3.543289017010522457e+01
3.001795227865391297e-03 7.962669236967314171e-03 -5.187564728778312848e-04 -2.397999735239286084e-02 -5.757303700747058543e-03 -3.022854029274913215e-02 4.575601598607047932e-02 1.433178937037595836e-02 5.118773622319415040e+01 2.736650337218208406e+01
-1.021432068958806963e-02 -2.630066288009732384e-02 -1.635903868540109288e-02 6.655337404570779540e-03 -5.933017596053304088e-02 1.048730563392976517e-02 2.224922728766277544e-02 -1.834336138308239120e-02 4.689784764759424007e+01 2.777478346080755500e+01
-2.345714624852356447e-02 1.751442850617850738e-02 2.976089818233685833e-02 -1.742010407773778025e-02 -2.984032419552443138e-02 -1.351273943383121158e-02 -1.908803901112067491e-02 -3.095787711786161800e-02 4.740175691106689015e+01 3.141386515532812851e+01
5.989818227609244438e-04 -2.132106079608584240e-02 -3.244363129998464792e-03 -2.417280358414586328e-02 2.743234126972419334e-03 -5.076107985399742548e-03 -1.877438587144691570e-02 -3.182882309293333378e-02 5.251640450015027284e+01 3.439583909521494576e+01
-2.602590820363473098e-02 -4.148164661699498684e-02 -3.407821754831116823e-02 -1.607972030503873259e-02 -2.993008790283020575e-03 -1.820183271501338296e-02 -3.833805412504812798e-02 1.223951218964050569e-02 5.229656615206044279e+01 2.819726497990755831e+01
-3.785640767456180909e-03 -7.890858519135499072e-02 -2.964243228758885879e-02 -4.434494067112360743e-02 8.487068003012776182e-03 -1.505803541932111168e-02 -3.513939345957400179e-02 -4.995484941872679364e-03 5.715177011225038228e+01 2.192779628481011045e+01
2.371195407499062865e-02 1.818552127870870158e-02 3.050881244085209762e-02 4.144115361773820401e-03 -1.921742180856359644e-02 -5.066313973069108689e-02 5.316295180994865671e-02 -3.454271010362742339e-02 5.562772285898050484e+01 3.308192102939177204e+01
-6.450915421656691628e-02 3.479068441793380789e-02 3.750628749737979634e-02 2.376403030279345460e-03 1.185064393527266932e-02 -2.977201389809218737e-02 -8.767980627124612528e-03 -4.020912198681889094e-02 5.217917649017766735e+01 2.819853342018069497e+01
1.269731203893564690e-02 2.367197979870897320e-02 2.232418129249467975e-02 -8.782240580049697695e-03 -1.113316763853510220e-03 2.168834692112918405e-02 -1.668036045502754904e-03 3.147327866070370045e-03 5.331516969503182679e+01 4.192103386752540217e+01
1.700106404915950435e-03 2.359717222260289404e-02 3.062138531345946074e-02 -2.278649218644305998e-03 -1.908274589273013799e-02 -6.052354395687634808e-03 2.539474082883115894e-02 -2.237750469002372684e-03 5.354790120143713494e+01 3.566429036217254378e+01
-2.287185076886525878e-02 6.731074171986668048e-03 8.895455802136870843e-03 9.746853948500498396e-03 -4.217233064660044078e-02 1.983647068171757316e-02 2.279951762566987880e-02 2.473974083567591527e-03 4.943829734353134597e+01 3.142298409341024978e+01
-1.298920470716181767e-02 1.529590810308915569e-02 1.198191955624974998e-02 -3.195014989835845420e-02 3.198272917946939214e-02 1.561873383939317399e-02 -3.080658414179991006e-02 2.415606507574151463e-02 5.249746645204300677e+01 3.460928389162268104e+01
-1.420264654809656225e-03 -1.939619296047755820e-02 -2.044700500730951484e-02 -1.121793286844530689e-02 -4.569624675724298646e-02 -5.320890696363234432e-03 2.591280240551327788e-02 -5.233969574966831212e-02 4.998563135386411460e+01 2.788884767364233497e+01
1.133781742268464079e-03 9.802377583070808788e-04 1.653086885854329266e-02 9.879803075517225655e-03 -5.878237356524129362e-03 2.463040317686620087e-02 2.916499674579921958e-02 -2.659901765937546653e-02 5.513741343742074008e+01 3.970309315645766901e+01
-3.188576223976720414e-02 -3.188690503722501528e-04 1.288132707638834674e-02 2.343976241103359545e-02 -2.803757468105117640e-02 -5.452862146631495821e-02 3.077749567813348186e-02 1.042438128724424914e-02 5.134684524339539990e+01 2.540192614604704247e+01
3.962021466724024998e-02 -9.922454879804651698e-03 -1.996071787892713875e-02 -1.619025516261083167e-02 -3.260645852827769725e-02 4.695846834329175240e-02 9.845276787066927285e-03 3.935301064710946400e-02 5.545199940065664634e+01 3.585687316147617310e+01
7.414247715686357728e-04 7.572624938760297818e-04 2.934458099804770903e-02 1.665619465712580780e-02 -3.743693395407238222e-02 -3.543512456106325675e-02 2.763171428425767462e-02 -2.541474182436203808e-02 5.487750282399539969e+01 3.437868606141528716e+01
5.397017322260017763e-02 9.133888474092693652e-03 -2.153104082857951185e-02 -6.667395776898673654e-04 8.197376076628470204e-03 9.339750187377572621e-03 -1.225486329025753975e-02 -1.193834953618344227e-02 5.745109491728511131e+01 3.933337137278741125e+01
-1.352270224101930970e-02 1.277944118237236623e-02 7.967308009199147723e-03 -2.172662747546503723e-02 -1.514525833228255389e-02 1.861484081347488176e-02 3.078519669980399331e-03 -1.069983376008842510e-02 4.940177351076625456e+01 3.290433226210838313e+01
-2.357846662591122407e-03 -2.404884016594008300e-02 -1.360361605996301439e-02 2.882757622857366753e-02 2.911667208756856667e-02 -1.635018633629554269e-02 2.060151925722129504e-02 2.031129414622286078e-02 5.442997413121999983e+01 3.975461785162350026e+01
6.531923192818954449e-02 9.576795889374358373e-04 -2.386365270301931199e-02 -1.758754953032334173e-02 1.039951028989622751e-02 8.249027519940629535e-03 1.003958296879720350e-03 -4.144903982935299255e-03 6.005789995066432851e+01 3.937574783870063300e+01
-1.618740629600018410e-03 2.315294493831800832e-02 -1.888298809728012131e-02 1.295780867205353730e-02 3.953303702658923086e-02 4.782562263051131843e-03 2.205855786833773452e-02 -2.051682177249397609e-02 5.369156317914344356e+01 4.180581627487139684e+01
-6.044226999123787809e-03 1.442119951782956828e-02 6.153556049176442388e-02 1.288935370917646157e-03 1.820112042971747460e-02 -5.980326013226964013e-03 1.499054010424721341e-02 3.082434169799706802e-02 6.126782594539466231e+01 4.335542809526707231e+01
-5.756014044928431383e-02 7.023354714114992715e-03 -1.754952681190571212e-02 3.809334714351748918e-02 1.371900528859344541e-02 -2.779596080003977464e-03 -9.436986361755680605e-03 -9.199266065312452709e-03 5.133403500597989222e+01 3.617437488629876441e+01
-7.784788544137019248e-03 -3.543991241240355278e-02 2.458055915480269332e-02 -1.856992473085041992e-02 -6.972731398306264948e-03 2.113939692661410963e-02 -2.907133207491931909e-02 -4.152243507828255048e-02 4.933013970342685894e+01 3.462990020707794514e+01
-9.886533562378539003e-03 1.031296342655900131e-02 -4.167502957696049559e-02 3.462027097540319037e-02 5.121527030559671484e-02 1.292363854432667519e-02 -3.111417779141383705e-02 -2.613000298695284523e-02 5.463950218776523116e+01 4.134112056259018431e+01
2.302317728693063781e-02 2.480544943898976840e-02 1.953961539457820321e-02 3.044337904752544410e-03 2.339255294858283776e-02 6.660768143181241240e-03 -9.700475374641862741e-03 -2.202145119516657826e-02 5.722781166961350152e+01 4.347906929803993847e+01
-6.091982342843195149e-04 -2.845120112667368951e-04 1.191033985736251848e-02 8.749608462067961015e-03 2.981972902440628917e-02 -6.138795706127880142e-02 -1.225587354036214612e-02 4.966698259599161905e-03 5.464074617948570989e+01 3.399803599713422386e+01
-1.883875805063782785e-02 1.045006538152282866e-02 -4.906700221780420368e-03 -9.270372563165143673e-03 -1.756908695958698391e-02 -6.078422873812648099e-03 3.042975242266049776e-02 4.052738721702591092e-03 4.863078921154655632e+01 3.023995099235822792e+01
-3.299533748698137234e-03 -1.253392345874444237e-02 3.732191184214546115e-03 -3.105688147592496756e-02 -8.510141916494221026e-02 -1.475579212519810036e-02 -2.399740977130715436e-02 -3.335105686797618096e-02 4.595554823574481418e+01 2.210822563693874443e+01
-4.070712224734081806e-03 -1.538710742787726717e-02 -2.629243555581142408e-02 2.519087070060126859e-02 3.789891724545033092e-02 3.232385201263224955e-02 4.905685345296322691e-03 -2.691486529990703633e-02 5.370604668241420399e+01 4.330717933295068178e+01
4.970128987384848235e-03 4.546239631395605600e-03 -2.511564286202583318e-03 2.638442726734189017e-02 -1.042436751998631304e-02 -4.471836761049190201e-02 1.729597433782354907e-02 -2.011806267056017242e-02 5.375057621087753290e+01 3.340212388652797415e+01
3.736379991957138741e-02 1.557750767329616794e-02 -1.892630934235695409e-02 4.580357134948272874e-02 -5.613347374123413974e-03 1.129729655135747017e-02 1.585928101014434308e-02 1.224770379015713111e-02 5.854947046676055322e+01 4.889234432670082953e+01
7.595519227991374273e-03 2.352188184981640964e-02 4.491298358524499490e-03 3.545670473109678936e-03 -7.761255285244684533e-03 -1.858422710732930000e-02 -1.641060892784051289e-02 -3.116112314494541222e-02 5.170100858902376473e+01 3.168011254480305894e+01
3.263021074507381492e-02 1.346955819470534860e-02 2.606154626892194168e-02 5.644501357078713505e-02 7.559899857682363415e-04 1.534562729916343592e-02 -3.783103130837818517e-02 -1.461047520489471875e-02 6.844074684670164288e+01 4.890502776100692017e+01
-1.857912067520575347e-02 1.716331664755167772e-03 -6.741502808092315890e-02 -5.889330716593748662e-03 -2.017481569898858448e-02 -4.466842453003984359e-02 -1.941162702714724006e-02 2.933848000362423644e-02 5.465936901034612561e+01 2.117934801342444828e+01
-1.024745545869526313e-02 -1.610207699744514720e-02 1.000952706153964995e-03 1.805655480421057947e-03 4.398843684576877328e-02 6.249388481272444458e-03 1.995232005335275879e-02 9.089180853749580236e-03 5.314005560578591059e+01 3.732643407519226031e+01
1.571066763785299416e-03 -2.009660910646350260e-02 -2.623376462936408485e-02 -1.208575651795578548e-02 2.510400410012521635e-02 -2.581478772037338124e-02 1.242487314001562357e-02 3.391547433066428169e-02 5.518843552834964328e+01 2.996701293675921463e+01
-1.388003992938883038e-04 3.556902687175777893e-03 1.665968460584501404e-02 1.748791932833643897e-02 -9.364411453820385353e-03 1.667336634476262666e-02 -5.198201482660264744e-02 5.783801092494440105e-02 5.594225164736163691e+01 4.141738605339291723e+01
-3.267437918990516443e-02 2.264073742452379651e-03 -2.966344397407094310e-03 -2.123608880889075665e-02 -1.518756066011042044e-02 -2.473062043298490317e-02 -9.503758551035764932e-03 1.188937274623032281e-02 4.827180192933181502e+01 2.852036319025147293e+01
4.050455983595585736e-03 2.619543692920209624e-02 -3.633073134576476904e-02 -1.840967655279714815e-02 9.037355244801504109e-03 -9.719084486405970636e-04 5.338424025453431671e-02 1.149374752270066261e-02 5.654613379755103608e+01 3.194915712997804391e+01
-1.386606755172945958e-03 -1.980988607420325343e-02 2.431152685001013516e-02 -1.874734604535469376e-02 1.213204445481073056e-02 2.504366320761816644e-02 3.865508629118556000e-03 -2.711138654101447575e-03 5.136470695826626809e+01 3.808767181161537962e+01
1.188720152083016634e-03 1.343152033797337906e-02 -1.922981509563170821e-02 -1.495975260821777106e-02 -1.666327514939425908e-02 2.039299126578963256e-02 -2.997070111869865484e-03 1.101332085939861483e-02 5.286993331150537756e+01 3.322426284065605984e+01
1.053677268499474476e-02 1.911360484939165008e-02 -3.539318193843166410e-03 -1.197087229991794337e-02 -1.954894757243785808e-02 -5.143004633262187111e-03 4.740544975705143077e-02 -2.846618778774597305e-02 5.083115542451709956e+01 3.385348617788004333e+01
2.306542521000904712e-03 2.558859054398127456e-02 -1.235792067313911356e-02 3.112250843154928687e-03 6.173519406882068544e-03 5.600822708741709510e-02 2.572740652416085835e-02 -1.116695003368521968e-02 5.267167674552453605e+01 4.352432925804686192e+01
-4.305106918526196459e-03 -1.916082597881454269e-02 8.630110761872675923e-03 1.076170416736040025e-02 1.270900361926695712e-02 5.102071464577361687e-02 2.093268980912018837e-03 4.812237578951884809e-02 5.488380553167527154e+01 4.130546569398308066e+01
4.008101390635689099e-02 4.486732904306921232e-03 -2.677625631187598599e-03 5.094908600467706189e-02 -2.414360639287897899e-04 -3.398884845895131651e-02 4.666348823712009042e-02 -6.653931425285887491e-02 6.218234518751882689e+01 4.317639908842087948e+01
-2.478676178508160827e-02 -1.802512200253017852e-02 -1.433480928715148532e-02 -6.894008805786884346e-03 -2.816250439020518553e-02 -3.057168639366047644e-02 -3.791268938249200537e-03 1.098966027451774193e-02 4.813930899110266637e+01 2.452735635603718123e+01
2.479405734122896998e-02 5.181030045926854864e-03 -8.949779064339797099e-03 1.558491994309817164e-02 2.406219068571165826e-02 3.291093320734516520e-02 -2.572367454731994997e-03 -3.712239230390670247e-02 5.575170433045900609e+01 4.713839483643858586e+01
-1.216598054852562972e-03 -2.578704884837921402e-02 3.296144747221473048e-02 6.072345630755118968e-04 -1.913906183062118876e-02 4.253600671540419542e-02 -3.249971556712084875e-02 -1.606886441817153427e-02 5.474089354118821404e+01 3.810088406555802010e+01
1.262661039804168113e-02 -8.085315679174181341e-03 2.693557769795808764e-03 3.572445384111135047e-02 -5.578336256883495436e-02 -7.629935335544365746e-03 -3.818316493230978180e-03 -2.024459778055636219e-02 5.451705241175087480e+01 3.432304525513995230e+01
2.499382417349312307e-03 -5.058723694931621662e-02 -4.789078889825926222e-02 -1.622047337263813130e-02 -2.653379441657931215e-02 5.865904249970566725e-03 1.028765690380313742e-03 -4.055534232557105045e-02 5.555534179963058961e+01 2.399904612613119781e+01
1.276598441124575031e-02 -6.472366698205816310e-03 -2.240612362018023964e-03 3.076557349951498932e-02 -2.103174599971368436e-02 3.630204126656314499e-03 3.100020577007220682e-02 -1.836331212292285171e-03 5.480060767286161649e+01 3.928981036531595095e+01
-1.883481858797255229e-02 -2.739730926734310068e-02 -1.909011072983442248e-02 1.183482717249685970e-02 -1.674828625358103229e-02 -4.479981681660701151e-04 1.047862206588679942e-02 -3.028560501977466471e-02 4.855957027097679202e+01 3.259930092602110108e+01
-2.276422186478880075e-02 3.417597290185821202e-02 5.123831632194514318e-02 -1.298547107830853170e-02 -2.554224483311077348e-02 1.504910607563929303e-02 8.357180364757859845e-03 -1.800382836283749566e-02 5.256957093492639643e+01 3.498037835552961639e+01
2.090012765649046367e-02 -4.531073305341323104e-02 3.775897053473331946e-03 -2.310653952486283608e-02 -7.186315723085800848e-03 5.445704387996948802e-03 1.926630239065633618e-02 -1.601714140626706723e-02 5.246815911769446927e+01 3.308181779284568336e+01
1.251068687227836415e-02 1.953269055935404411e-02 3.224719244951590458e-02 1.656702143865179666e-02 -1.695760814785208202e-03 -3.522093750301321519e-02 8.650841716114384197e-03 -3.038560280464134775e-02 5.873171322352078505e+01 3.790459386961843791e+01
3.358933309310926842e-03 2.918315538003005485e-02 4.070949333167962758e-02 3.483311781484938613e-02 -3.744447879473707802e-02 1.253351413292758641e-02 3.179525416648656261e-02 -4.016316038120303772e-02 6.168116206724210571e+01 4.031327942221796690e+01
-1.999123796598691050e-02 -7.192307698399774208e-04 -4.310113544117359641e-02 2.997849908564847315e-02 4.422708837167577123e-02 9.171307809143667070e-03 -4.001618400890488529e-03 3.024298543779818660e-02 5.431754297901274953e+01 3.715862346258133897e+01
-4.143056610113302757e-03 1.601672677924312555e-04 1.109709514274414936e-02 -7.310264644515132582e-03 -5.806459648069138210e-03 -1.501011521327118292e-02 -2.035151153091471071e-02 -2.916700667590858137e-02 4.966922725702536212e+01 3.121849764867803856e+01
2.419124801082794124e-02 -3.832994625902037128e-02 -2.637313524456087743e-02 -4.398872920369423928e-02 -2.310773482620813880e-03 -1.501353234882988642e-02 2.811052573955206968e-02 -4.214483971311111521e-02 5.811087650959718331e+01 3.026408094672677151e+01
-3.704100191132665785e-03 2.308361308212864352e-02 9.604163470998031138e-03 -2.320797168294445878e-02 -1.083823325056002852e-02 -7.912664757761807971e-03 2.564511623564549175e-02 -1.836995284909867521e-03 4.981601491918036828e+01 2.966100257234469950e+01
-5.119402844084099125e-02 1.447892159568366088e-02 5.093777736804090683e-03 -2.857296539032357086e-02 1.817684129795239453e-02 1.812484474416884567e-02 2.160528939869530568e-02 -8.904494343580530774e-04 4.960832993869252050e+01 2.626403276489335425e+01
-1.727870511839083110e-03 1.433463697794581070e-03 9.311484490358745009e-03 -2.717455467355943746e-02 -4.950541866767448973e-04 -4.495995792287181200e-03 -1.099115978282196038e-02 -9.935096084009862466e-03 5.064715527657885730e+01 2.766541322563162453e+01
-7.473889189599524502e-03 9.381433202899294374e-03 -3.240275007588287043e-02 3.369661654250951516e-02 -3.921004696263477064e-03 -1.004771610619193886e-02 2.193222604404842027e-02 7.324888788545603699e-03 4.997342896527046463e+01 3.572963470018804344e+01
8.691714130325895599e-03 -9.358811048562228757e-03 4.082768344539877171e-03 -3.194267312901818284e-02 -6.876961757565558039e-03 -6.028289461226823270e-03 -1.434910136512194609e-02 2.896418441680243330e-02 5.228961979239953450e+01 3.371246523270963991e+01
2.695197654050812686e-02 1.586284881050922108e-02 1.969795040167367792e-04 -1.185037001060857027e-02 4.400044347164957896e-03 -3.144333277548033712e-02 1.194753771528347074e-02 -1.805626903366391520e-02 5.288716272389299888e+01 3.378123752848463113e+01
-8.872401856457805963e-03 -3.247675918008715440e-02 -1.037127041140039826e-02 -4.120902826474718422e-02 3.144194629229571381e-02 -1.001060653946504210e-02 2.204390281684696570e-02 -1.491772252258272320e-02 5.547820393653623938e+01 2.917155959168499990e+01
2.820697679304404876e-03 -5.349547675512344481e-03 -4.212104378615193212e-02 3.033567282694572213e-03 1.042544647324912012e-02 3.252450261821297761e-02 -2.522444241298067713e-02 3.197534146735163396e-02 5.614305056117514425e+01 3.579694086595593205e+01
2.426723698790372863e-02 4.551821965718841866e-03 6.283107324128944619e-03 1.110254187046792198e-04 2.556232924336300158e-02 -1.141073117235960090e-02 2.866177161698986800e-02 -1.460307828677405613e-02 5.442060155790021270e+01 4.170114781318321207e+01
9.639442526185822147e-03 3.734713077331560521e-02 -3.684603042933594363e-02 -2.505005812838261361e-02 3.445893956759080168e-02 -8.632793726621539564e-04 -1.870075271945965262e-02 2.477856743184372879e-02 5.952142991488699408e+01 3.338693119525563446e+01
-5.149387934856766713e-02 -3.057712509242357934e-02 -3.865824033397367160e-02 -9.744619778394154191e-03 4.120117288798434696e-02 -7.908762228565985319e-03 3.414703070568742699e-02 -1.914366697958686664e-02 5.407837071437562315e+01 2.781567512866298841e+01
-1.668556395110441098e-02 -2.337756051298678708e-02 -2.645839697938478369e-02 -2.752612453103271684e-03 9.939643558659446571e-03 1.179912246982914997e-03 2.631715741588436241e-02 1.030234626522099316e-02 5.258216176111963591e+01 3.218715173871184732e+01
1.810622246557518772e-02 2.537257369243143754e-02 1.129023106021546929e-02 -1.441367206739379257e-02 -2.191179633187172182e-02 -5.445797867974886894e-03 5.521412150266273577e-02 -8.130885560530664441e-03 4.931828502779206502e+01 3.552889150498625526e+01
8.764343920623861826e-04 1.787660653478949369e-02 7.791908714785711690e-03 1.648142624321663127e-02 -2.365496162684192424e-02 -3.544839058491214973e-02 2.865801614124771982e-02 2.289281175439125682e-02 5.242903633463888724e+01 3.406136813872599589e+01
-1.633304428168612030e-02 3.809510688847443649e-02 1.018028950891727326e-02 1.077475946975387129e-02 6.130822776001286500e-02 -3.935074359658629478e-03 6.910230894267790740e-03 6.640942980160609299e-03 5.676288512370103234e+01 4.444532055702915585e+01
-4.554619159695709658e-04 -2.885363726798958334e-02 -1.055003182050597184e-02 1.346389161062487745e-02 -1.055819709841518059e-02 -1.591694565359067642e-02 -1.462440414981506544e-02 1.590328450387444581e-02 4.965928548184160007e+01 3.032331608522337874e+01
2.378599770589283346e-02 -1.603716336048725127e-02 5.399242447009817460e-03 7.140533183771047288e-02 4.013048431347331080e-03 4.605928437499153677e-03 3.071634756839147773e-02 -9.409620179015183369e-03 6.726792726815702395e+01 5.237853337326652792e+01
-2.110829087450942498e-02 2.559176056079739275e-02 -8.512606081377075903e-03 -5.361025984870648742e-02 4.964379281851804410e-02 1.190336926077720237e-02 -4.865112323365963776e-02 -4.314905132231188628e-03 5.700915177844880333e+01 2.710386238070727671e+01
1.330923947761260794e-02 -4.722432753454210846e-03 -1.530205882705534294e-02 -2.001900352156880253e-02 3.537232607520592043e-02 6.347754321319415242e-03 -1.562663283462821517e-02 3.460043918763061610e-03 5.667590586754049298e+01 3.637815643378328900e+01
-9.614835378901929325e-03 -2.514357041843525223e-02 4.601656511181971727e-03 -1.266647725688796119e-02 1.169001250431077376e-03 2.639479736103375607e-02 -1.049440866063134498e-02 6.469144570091966279e-03 5.016553540923603549e+01 3.493406305507577514e+01
-1.484321013232761145e-02 -1.337240117203396944e-02 -4.399664150492581249e-02 -5.384410777222920635e-03 -4.513067496910358467e-02 -1.388096079539937779e-02 -2.990188924403613252e-02 1.054090596682484733e-02 5.127092981715267683e+01 2.558503406506132904e+01
-5.540738374364358870e-02 3.643737309971168282e-03 -1.052786033170553803e-02 3.015197519547931429e-02 -3.319287979871928668e-02 -1.013161336714077029e-02 2.213514594763125662e-02 -2.592021219171571425e-02 4.757890968413251187e+01 3.003023545010701056e+01
-2.496796919312060242e-02 3.079205982954580714e-02 -6.370823059697645549e-03 1.502316050865486544e-02 -2.535368215262609904e-03 -3.385885516515464710e-02 1.159721492430428394e-02 -3.170152361446763184e-02 4.916880544930998553e+01 3.158120905446688909e+01
-2.447599717216835183e-02 -2.503895252306208383e-03 -1.240700460336487988e-02 -2.194316867732587495e-02 -5.262906745021714988e-02 -5.436608101602551785e-03 2.121958373568356288e-02 -5.757923563375717813e-02 4.766959149136084051e+01 2.719648221711173974e+01
5.531008945760741008e-02 -1.129889943410463012e-02 -1.121556369660106807e-02 -1.860359431343440798e-02 3.175921714396843371e-02 1.414259947783832712e-03 3.828178928524668401e-02 2.777078111490012893e-02 5.935769217173047707e+01 3.823055614179737915e+01
-1.210716816441705264e-02 4.396969206465740909e-02 9.206560930744216859e-03 6.212173131951705292e-03 -1.681659493831543645e-03 2.620789072875246914e-02 2.178864692550059462e-02 -8.131347971808320155e-03 5.195632148117733351e+01 3.993472012751013978e+01
2.423119186285569923e-02 -5.143230877931961181e-02 -1.445012872291910090e-02 -6.986255720483280918e-03 1.031173890870639874e-03 6.885032974352638634e-03 -3.725182730612008886e-02 2.684134491179020546e-02 5.420837877731884902e+01 3.674738098626031046e+01
-7.264723951095815660e-03 1.432467013510957572e-02 -2.563887117476807299e-03 -3.367455120503091287e-02 1.569037666222545049e-02 -3.195112387233581264e-02 -2.434504510432820672e-03 2.624885696483049077e-02 5.331080019211299970e+01 2.517623550391769527e+01
-6.423055594368865320e-03 -2.778962451196700500e-03 1.831192993070934749e-02 -2.773682158194540337e-02 -2.000140978209882098e-02 2.070617743305046624e-02 9.290994757289507480e-03 -4.622016524368128404e-02 4.880096150368101604e+01 3.664054564406518466e+01
-3.778675236912070259e-03 -1.949307098549239378e-02 -3.653609382811170286e-02 -3.107760688010970888e-03 1.288193325320921741e-02 1.256567516911448641e-02 2.563451538639243202e-02 1.182544317747879006e-02 5.496996108035102679e+01 3.145464549144021760e+01
-4.471529781695531697e-02 2.238968774856252980e-02 -1.649742627824447860e-02 9.967310479704255544e-03 3.361185219797016457e-04 -4.793146423325370803e-02 -2.366919262302795771e-02 2.433020842098644609e-02 4.672996404732074893e+01 2.450444662521568162e+01
-9.822544971956016432e-03 -3.194466840820014714e-03 5.212073393525727856e-03 -9.231646260332564136e-03 -1.712420018948400749e-02 -2.957193725387295691e-02 -3.375878480350843341e-02 3.233766933938118232e-02 4.770885551131647162e+01 3.061474914000984882e+01
4.735894717039629970e-03 1.308079407679511169e-02 -5.437638629085302100e-02 -2.164313944821037727e-02 -1.716097552712794044e-02 -3.501064118055659952e-02 -3.413393191413471167e-02 -3.620184751686163910e-02 5.699275793010534130e+01 2.603103674458193950e+01
4.242931574892904248e-03 -2.432801373411195775e-02 -6.759235311184973345e-03 1.439825477638515677e-02 -4.849420116509915550e-03 -4.988720572380552117e-03 -3.699925564698192462e-03 -7.192287155975142857e-03 5.179158160565272340e+01 3.516340988077102736e+01
-2.936227548801281437e-02 -1.659969020462493880e-02 4.814709514616361159e-03 -4.837894058649705453e-03 -3.810712705371462755e-02 3.361414296174896742e-03 -5.267592508940006218e-03 -1.428556321404206991e-02 4.501014452739896399e+01 2.901262642755238019e+01
3.024359811294084419e-02 -2.441918501096574171e-02 -2.992734644420965220e-02 3.120389105916847663e-03 1.285760403754082626e-02 -1.937751940273771054e-02 -2.518050749747800104e-02 1.788563685635471620e-02 5.569250910840081303e+01 3.266586704946870157e+01
2.655732770898944564e-02 1.621485133657356650e-02 1.288001400463139288e-02 2.202854015717117808e-02 3.454904181281356901e-02 -8.375680655726081003e-03 -9.297331327726870639e-03 2.560233058264290568e-02 6.065083683144706583e+01 4.501962800018515765e+01
4.517000604998537561e-02 -3.094731976729914527e-02 -3.307521110435667020e-03 9.144175376367259453e-03 -6.810529003195361572e-03 -4.860604429227723816e-03 7.775909720737974630e-03 1.152942616860221786e-02 5.393228337407909123e+01 3.789046674729685549e+01
4.582345331442578412e-02 8.602436432868634797e-03 2.248488118171373604e-02 -1.942180762127705337e-02 1.307597478109379791e-02 -5.090468632931997514e-03 5.299331473158879618e-02 5.114608263371945435e-03 5.406735389951951731e+01 4.578165503359889499e+01
2.420630810203897379e-02 3.293451026279898414e-02 1.353713149676312802e-02 -2.745055550398886601e-02 3.016277319051363648e-02 4.221273536428923195e-02 -3.337659976969413120e-03 -7.930193294100154264e-03 5.517013452526592943e+01 4.299403642448822893e+01
2.113173836190974583e-02 -1.393998214352317432e-02 2.951517783296437464e-02 -1.716616611267938672e-02 1.357353952932613753e-02 -8.120991028706609285e-03 4.680262228876607908e-03 -6.682456914867326674e-03 5.365859880725460584e+01 3.626618883105025049e+01
1.026618046664758838e-02 -5.449841640364984363e-02 -4.159838114914413094e-06 -7.263659301016018970e-03 2.340188429020173544e-03 -1.257393460692945650e-02 -2.718278418345961779e-05 -2.012749858857486654e-02 5.106392564944753332e+01 3.560332138108166333e+01
-8.523994737141719208e-03 -1.253389458295327448e-02 -8.749889323670062558e-02 7.082910962248248517e-03 -5.909920128798355071e-02 -3.083549659730074749e-02 -2.359333573178683252e-02 -1.369087850197024149e-02 5.426917514124470188e+01 2.009196692801364748e+01
-3.899397944029665830e-03 -5.179867393726028668e-03 2.973614542695396032e-02 1.469785646762869664e-02 -4.014364915958050506e-02 -2.317163181392765253e-02 -2.663530810123584600e-02 1.845635003368601215e-02 5.433097849149748981e+01 3.487381625054067769e+01
-3.335047542027164743e-03 -3.631554968016469098e-02 -4.692248356230992873e-02 3.472270786170665417e-03 1.249027298311249437e-02 1.182264126270860666e-02 1.362405429692262714e-02 3.312598859419800534e-02 5.582139397965821814e+01 3.341957242922192961e+01
4.479230382692534623e-02 -1.079387780633199109e-02 1.099137121303516741e-02 5.296214066256532856e-03 -2.174240778322709955e-02 -1.200600727117565047e-02 -2.486213364494487682e-02 1.209165348769409426e-02 5.467475315816557213e+01 3.929282023933831880e+01
3.228531025342106647e-02 -1.497248312290637602e-02 -2.378080111328832041e-02 1.799009116805336261e-02 -7.189606187747899987e-03 -2.574406314303170559e-02 1.469947261578581285e-02 8.504556146850883805e-03 5.261945809695696852e+01 3.789705638612157657e+01
4.580879355400379466e-02 -2.365532905049932272e-02 -1.950518520268221950e-02 3.343555470370973559e-02 6.788845949970729200e-04 -1.289990212580971636e-02 1.741268934568203364e-02 1.956280290973285915e-02 5.643533381672413185e+01 4.512131529467649216e+01
1.331135262793175676e-03 2.284305332782948089e-02 -2.482344487981111639e-02 4.273558457819414541e-03 -1.115600432694943689e-02 -1.247930047210671703e-02 -2.359777909631865719e-02 -3.625206597144303017e-02 5.180060548082751382e+01 3.288551264909913385e+01
1.233823049410003904e-02 4.241635867832720119e-02 4.382164194660449763e-02 -4.812088344856562533e-02 9.066449478029882034e-03 -1.160769077070024011e-02 1.003137041797078077e-02 3.768753550276841835e-02 4.997523392617031845e+01 3.348071528696508636e+01
-1.069590692215469790e-02 -1.494450493387974865e-02 -2.471340741954179340e-02 -2.981264252348396135e-02 2.653681018876869607e-02 -1.299181934504261768e-02 2.461857134421711196e-03 -8.969030254738434571e-03 5.597456356034930991e+01 2.619478666697081337e+01
-1.363474431673196603e-02 7.910157955770061311e-03 -1.983357951722653639e-02 2.950705917037703407e-02 -7.155218776353739624e-03 2.236326697743918138e-02 -2.796093578343994066e-02 3.538943701276170417e-02 5.158318622591090730e+01 3.918444712566646615e+01
-2.883977628063949875e-02 -1.244452153232082636e-02 -1.547373449357403868e-02 -3.521613835499305678e-02 -6.875209476455690187e-03 -2.071529851122749441e-02 -1.567703953163989902e-02 2.656759389296252036e-02 5.173673160722258046e+01 2.415474698696592881e+01
5.712268006126719477e-02 2.497925585755031083e-03 -5.338387692822004621e-04 1.030887118399150676e-02 1.218336014912826774e-02 -3.651691658730382706e-02 -2.259759739525613997e-04 7.899933156641981979e-03 5.662559761298425087e+01 4.242219544826796351e+01
-5.645902118425099973e-03 -8.408281267458825141e-04 -3.231953604049454115e-02 3.413794850962339339e-02 1.259409010423971631e-02 -6.518844793536384373e-03 2.551960069710241391e-02 1.834356994863865081e-02 5.147075368280309959e+01 3.622526022286388780e+01
5.208925777243296517e-04 2.129379400553607984e-02 -5.744923344611336385e-02 3.256025463106081846e-02 5.916610596839263873e-03 -3.317739958274630585e-02 8.942573742097368467e-03 9.073897943584785866e-03 5.401324847265049556e+01 3.555878666921569931e+01
2.356112145484247529e-03 -1.675433604064879844e-02 2.491529791941906290e-03 -1.906661921483556940e-02 9.613691699342834240e-03 3.926201538873732438e-02 2.600476914196230872e-03 1.645750815707998360e-02 5.298832362391583928e+01 3.713954569932261052e+01
-2.017159327975549810e-02 1.195631169764099083e-02 -1.132808053659925714e-02 2.302659834329067248e-02 2.401813139806717456e-03 2.708757023951815363e-03 2.373305052949930931e-03 -4.590095690052806328e-03 5.119641115694659561e+01 3.534438975602702726e+01
4.841739282559333335e-02 -1.507976660114643958e-02 -6.966772757668681683e-03 -3.440733726840762129e-03 -2.603970380020868836e-02 1.163621800917907616e-02 -5.641033538753381475e-03 -2.734163092985577789e-02 5.338332600692100982e+01 3.770729051149305633e+01
1.836795244265048213e-02 -2.949434499710160487e-02 3.202937235617112077e-02 -8.580584473667251730e-03 1.867525566170822465e-02 2.949625796284709514e-02 8.407834383323249325e-03 -4.743889750336895313e-03 5.703798213215981860e+01 4.440392662893167852e+01
-1.911674835102724138e-02 -3.045158228138647363e-03 9.013307586060318247e-03 -4.580093566027086671e-02 -2.062415454191014047e-02 -1.301138413766692861e-03 -3.133248056477430416e-04 -4.546807168759177571e-03 4.970655291826628996e+01 2.419183037280932425e+01
3.689321254963414385e-04 1.638497653495667172e-02 -3.063110403924168904e-02 -1.692895909580224151e-02 3.526911797087795702e-02 2.896688947488389176e-02 -2.787265403419850185e-03 1.121648526205511372e-02 5.793503549638509043e+01 3.626488170088771312e+01
-2.296021667979465317e-02 6.304789174135631575e-04 -2.395762757186706629e-02 -5.244435090237704010e-03 -5.342680661195563403e-03 3.061463819594149871e-02 2.411499431747172670e-02 -3.932308288769656435e-03 5.177371141461262027e+01 3.498394242169073465e+01
-1.357635146777271852e-02 2.415507863250871182e-04 2.109424619278579133e-02 4.263543466374812747e-03 -3.062044681945338617e-02 -1.847094296565950783e-02 1.158155715355649318e-02 -1.266190459857663604e-02 5.087111728021633894e+01 3.248407221697677016e+01
-4.724906197407291453e-02 5.848001041053117743e-03 1.186664717357766323e-03 2.434016090172253649e-02 -1.771536269776016401e-02 -2.356691690813014772e-02 1.279970567554419153e-02 3.664864270293913436e-03 4.982868262541158089e+01 3.129189718300777301e+01
-3.298090573275989229e-02 -2.826584908732902163e-02 -3.226891343333620609e-03 -2.025025975004174361e-02 -5.120997906661557859e-03 -6.949290492220534625e-03 2.042889498679691107e-02 -6.451298070550984601e-03 4.945722148383310923e+01 2.327202480214614866e+01
3.691079743464044556e-03 3.771762726737599297e-02 -3.332396558068151209e-03 3.054226203152790239e-02 2.976245483418954452e-02 6.512036235499474648e-03 -2.227276077186975470e-02 2.341858033895067095e-02 5.827591709639976614e+01 4.560494536435518853e+01
-1.222300562837523065e-02 1.726383675992237271e-02 -2.078799816758731753e-02 1.024570245913683335e-02 4.354556019323405774e-02 1.930507679816786601e-02 2.416644924559971895e-03 -1.371131800360204369e-03 5.365115271317970524e+01 4.198236652496758836e+01
9.780349453409614355e-03 -1.911132843397594927e-02 1.104924423370292827e-02 -1.797763008775461052e-02 1.644368779143079093e-02 3.873092029910753242e-02 2.054355006616190304e-02 -4.632717681395547363e-03 5.268680127570588922e+01 4.348588106002760156e+01
4.521396598582666515e-03 -9.993302266773333373e-03 -2.090641861015574837e-02 -3.337807939389834250e-02 -2.566088909650145796e-03 1.765492593164684487e-02 -4.380255656841624060e-03 -8.788349442641156788e-04 5.589600536762599603e+01 3.078573347635145652e+01
3.316585805473185739e-02 3.263263358780030265e-02 -8.577252562648671197e-03 -1.055526538873881835e-02 3.647860893068188837e-02 -1.553283090713265119e-02 1.109833931307590979e-04 2.428184013526617571e-02 5.685106419838949421e+01 3.945690051130270604e+01
3.086440901135750758e-02 1.132877229512386195e-02 -9.975640609971450981e-03 -9.846499415420983947e-03 -1.582204870233512931e-02 -1.573665659369271122e-02 2.298604415968392989e-02 2.381222082479183752e-03 5.289374621188742509e+01 3.294385387124373210e+01
-2.489039871633515200e-02 2.901288806785417684e-03 -9.268097479488006689e-04 -4.754872856776497236e-02 4.577058907287654028e-03 3.396396234841389701e-03 -4.271781599581751798e-02 9.189985489295230542e-03 5.217687753359234648e+01 2.677478592906291865e+01
5.495557299840620608e-02 2.902594048482672398e-02 5.270783222800778933e-03 -1.494161958632564922e-02 -3.617891369245000016e-02 1.769691064651848431e-02 2.877139930098213463e-02 -7.942915912410470356e-04 5.251740632299970457e+01 3.976654892156283694e+01
4.659052786800516044e-02 8.018628887697236765e-03 -1.310434754556808086e-02 1.450284891487707475e-03 -4.047652492914070171e-02 -2.456553336034995871e-02 4.839829454986761814e-02 -4.359766716789605784e-02 5.178062633711358842e+01 3.331760818110667088e+01
-6.199167129313746388e-02 4.099882555574884541e-02 -5.689198603056210349e-03 1.967825416692777288e-02 7.111495298964795597e-02 -3.522872444933047853e-02 3.463657886290459620e-02 4.942947758681517402e-03 5.245211378637731769e+01 3.370691899775491862e+01
3.626922212977090696e-04 7.670067148120073529e-03 -4.254016255103048455e-02 6.168226530597679946e-02 6.495468185324848598e-02 9.235687740023699674e-03 1.954170049966502329e-02 -9.820436212801431520e-04 5.954475533901523221e+01 4.530437457348983088e+01
4.835509015370303976e-02 1.213664858997625176e-02 -1.750261953008336443e-03 1.564184166479109725e-02 6.520002577863549809e-02 -3.331858987902819921e-03 1.993767515856623498e-02 -3.651821110884365812e-02 6.058329899858910750e+01 4.946048862937820445e+01
-2.344498852601709787e-02 -2.776244174653317437e-02 -1.472633810774400497e-02 -2.178092699391277753e-02 -3.264095530709704845e-02 1.409840826857986992e-02 -1.217740285004813468e-02 5.539916124391897588e-03 4.990209297020967227e+01 2.782706295698078947e+01
2.167226762292646935e-02 -1.658931178441779009e-02 -1.491804405553774637e-02 -3.026337977574411215e-04 4.464042453778896066e-03 5.201603844241286384e-02 7.211157902595166300e-03 4.721575974220183357e-04 5.419277545744746760e+01 4.163865946358664871e+01
7.295214772167121428e-03 1.960221869376624348e-02 -3.375522265430775173e-03 -1.878858684432714934e-02 -3.559992680247468788e-02 -4.027879651618658519e-02 2.367498423689663387e-02 3.398334295822614051e-03 4.946947849890078430e+01 2.945436259801160261e+01
-1.216495980893528284e-02 4.365820246805247884e-02 2.526937835741993946e-02 2.451690235113965569e-02 5.283426974622824207e-03 -2.270688257438706337e-02 3.152958530233197082e-02 -2.506345877958954943e-02 5.793344170229234891e+01 4.193742563014866676e+01
2.094414382514175194e-02 5.911720672225314124e-03 -2.205960539422751471e-02 7.406661411205809134e-03 -3.467042571388557603e-03 -4.835006064630528039e-02 2.013186268813686730e-03 1.957056174228116383e-02 5.277191994491407456e+01 3.157434521143433059e+01
-3.664726354092671945e-02 3.637302215862514565e-02 4.166799386180246312e-02 -4.277612819726872399e-03 1.832904703781515141e-02 2.529510052304999659e-02 -2.737969413226117726e-02 -5.810691952288152620e-03 5.487045926693046738e+01 3.964517128850230421e+01
3.968200558892245877e-02 -1.405827168088730379e-02 -1.046355799256872866e-02 7.032905209291147016e-04 3.194708128024858346e-02 9.346771250442809965e-04 6.559144530250212053e-03 9.975172341707140913e-03 5.646597527171484643e+01 4.350277093267373374e+01
-4.834924079888135162e-02 1.453880280524725600e-02 -3.004246479755935673e-02 -7.400255918111819931e-02 -9.646276342162403081e-03 3.374657012966107011e-03 2.517251976449369835e-02 4.490890637443709782e-02 5.523193016459087801e+01 1.559067916366809392e+01
2.803853737078164030e-02 -1.289660034965111821e-02 -5.922296936300083976e-03 -6.760033267129435253e-03 -1.354543821130340525e-02 5.577056262837296573e-03 3.531984443309189869e-02 -2.804093813939660673e-02 5.246736658529050601e+01 3.531452790343382020e+01
-7.958818464753911887e-03 -7.847620060733948716e-03 -2.135164470111306379e-03 -1.396858419164222209e-02 3.573197876224040725e-02 1.158131957075834648e-02 -6.724159075951302057e-03 4.744228342045461039e-03 5.312801021327810247e+01 3.857919191737158116e+01
1.351829546167514044e-02 -1.934448382931050134e-02 1.151487186887739525e-03 -8.175539638601517917e-03 7.006108583701281360e-03 6.450709311943103597e-02 -1.290387251527421418e-02 -2.772846388127773662e-03 5.316522009558423889e+01 4.303621907182483142e+01
-3.908862328967019351e-03 2.128677991598528288e-02 -8.897713212621970180e-03 1.199892791839394547e-02 -2.963881234201576689e-02 -4.648666173941235630e-02 -2.069396685756621362e-02 -1.947258551870052583e-03 4.792799286788641666e+01 3.156468756903622364e+01
6.097443121821677012e-03 5.919214576597027835e-03 -1.863500975510083355e-02 2.334398794761900070e-02 -2.145201231430858210e-02 8.627603576005029445e-03 -8.697354054297305390e-03 7.622047448712960735e-03 5.100692114505867636e+01 3.862704188950002759e+01
3.091019421808235620e-02 -1.352272744174054173e-02 7.131803340853588337e-03 4.436981613913006800e-02 2.480797188042440510e-02 8.819114662390534209e-03 1.286635242810678023e-02 -3.645727974556361300e-02 6.405081513232106261e+01 5.251816989081631704e+01
-5.234623497533678199e-03 2.715124116829887441e-02 3.706491385726277434e-03 9.791897854377630203e-03 3.517707030696719250e-02 1.455588367478749881e-02 -1.820712623512914241e-02 1.173929589757558185e-02 5.473467052216363271e+01 4.489560734686775589e+01
-1.828672743763069819e-02 -3.548064092206771464e-02 -3.243059905291690442e-02 3.259178928400680020e-02 6.398132235422523961e-02 4.026104658082098331e-02 7.855904541272315522e-03 3.669758081699795588e-02 5.513932091365747823e+01 4.227875752097961737e+01
-1.388344772401857094e-02 -6.996440313788848675e-03 1.418368484844453187e-02 -6.010523127707435159e-02 -3.613566370172598217e-03 -1.245355245724883743e-02 9.878311292399684677e-05 -1.362609596526718689e-02 5.190303519086093331e+01 2.224096313345918219e+01
4.768714444814247527e-02 -3.510450821608268861e-03 -4.219726526064922906e-02 -9.409143953015378439e-03 -3.234399283238694606e-02 3.081809602822593863e-02 1.450298921883814117e-02 -2.250382666863558895e-02 5.725298872236022163e+01 3.382020042402570681e+01
-2.013902976203790773e-02 3.309317887306246694e-03 -3.961464490706109037e-02 -5.896581899380532420e-03 2.539492431032351963e-02 3.919614115976723101e-04 3.370632426849825419e-02 4.829978621896875018e-02 5.482078715357017273e+01 2.956055205057066004e+01
-1.559625065290068391e-02 -1.424596124038754116e-02 3.057080788826067180e-02 3.544016277104344165e-02 4.781368339628949346e-03 3.864101554627865504e-02 -6.610120982712011303e-03 1.613525915683886730e-02 6.181662199660814849e+01 4.620435495872788323e+01
-9.397543594540612444e-03 -2.481902017214732484e-03 -2.783972504591495853e-02 -2.359635851005761897e-02 1.596038704694330290e-02 -1.770588449826670727e-02 -5.795894861632591016e-02 2.016662342908243089e-02 5.521429308622499121e+01 2.657145415677198130e+01
-1.615801566720476146e-02 -2.778519731618851393e-02 1.881410240771446644e-03 1.204175726323728456e-02 2.250269338465935021e-02 -2.161432763362683418e-02 1.612407964941377572e-02 4.888467386253235458e-02 5.277647160897939216e+01 3.631543493960262481e+01
1.851768390575744480e-02 -8.713758780045920485e-03 -1.352798221034332352e-02 -2.037246003922711917e-03 1.832466984027321388e-02 1.907967946207330540e-02 -4.377677358888160467e-03 -3.550955969349797736e-02 5.447363297589680542e+01 3.964405090444714119e+01
-9.150714796461539846e-03 -4.389087068450431804e-03 -1.909272076946601573e-02 1.361968958800628161e-03 5.999869456937376513e-03 1.969230434347003008e-03 -2.486220758027332320e-02 -2.482765901301380029e-02 5.208457112279432266e+01 3.115108556538130458e+01
-2.051203465948818819e-02 -9.038565456382584642e-03 -1.527434396319177603e-03 -1.399077653081265415e-02 -1.399948138872588593e-02 2.421995814796359253e-02 1.913182781677355213e-02 2.165591179231990751e-02 4.896950456621365078e+01 3.357051757487942467e+01
2.441207461363055151e-02 8.038346831509023127e-03 5.928777100074067181e-04 1.664287896975677125e-02 -1.110447788916920850e-02 1.143180829177869529e-03 -1.138902363208291191e-02 -4.287589214972537671e-02 5.468063402959960939e+01 4.198982204430383547e+01
9.856241482432175766e-03 3.262513500562350122e-02 -3.523804918484875481e-02 1.732138735874024296e-03 -2.469655237630252048e-02 -3.606474700655977472e-02 -4.884603801548220714e-02 6.105730815062159617e-02 5.261253012639579651e+01 2.974713996691369644e+01
-3.772064240955860098e-02 -1.424221659400304145e-03 1.231502164967049340e-02 4.004752243084561819e-02 -2.821412997389421192e-03 8.938645324802615630e-03 -1.459232571845255587e-02 -5.868784962037969927e-02 5.695068267539334528e+01 3.801317988442486495e+01
1.701211272927610763e-02 1.186279164839331574e-03 2.491545566254445201e-03 -5.199470276300710569e-02 -1.141609537040287614e-02 -3.193389645689965334e-02 2.863542658531424354e-02 1.385134975442363185e-02 5.409075212143726930e+01 2.566846438146088971e+01
1.713439334165659661e-02 1.704215159742632560e-02 7.415260654756263003e-03 -1.499139499495711833e-02 1.026700967459679044e-02 3.217109973673547285e-02 5.018615339148543159e-03 9.340852334530523257e-03 5.313256613520375282e+01 3.943129652171818833e+01
-1.248741441211603277e-02 2.908035100232774992e-02 1.291272348241851407e-02 -1.652391184448106023e-02 4.972899793355725325e-04 1.856050427816715448e-02 -1.369596738168835787e-02 -7.641888910272265877e-03 4.905738718845996971e+01 3.505240898308761643e+01
2.835323178175033071e-02 1.640652733853313963e-02 2.747627414474990148e-02 1.992692673460165140e-02 -7.409110370827712289e-02 -3.942957325954130066e-02 -8.913328528403543019e-03 -1.223486203915607855e-02 5.480380130790003790e+01 3.725967877353395608e+01
-6.959047240120866222e-03 -1.660588957500322427e-02 2.726069492940656758e-02 1.573821709787146580e-03 -1.725327548594046950e-03 -2.284932878815202836e-02 5.478261050026403921e-03 -3.726984191375365407e-02 5.379115535931856584e+01 3.561371460209526418e+01
2.290087047927869685e-02 1.490440829804354911e-02 3.184799639778451708e-02 3.029279079480595022e-02 1.340867554033286016e-02 -1.787179646260762464e-02 2.120173096242128699e-02 5.181237846639625590e-03 6.334812071669902167e+01 4.279051993782218943e+01
3.599250046946809306e-02 -5.254809671313086759e-03 3.281765128779714352e-02 -2.178920815158981797e-02 1.828513571454719322e-02 -9.182998366055316209e-04 -1.697293140391589045e-02 -1.895520389542028686e-02 5.490004994723176424e+01 3.643694310949501158e+01
2.686300429486425043e-02 -3.348493493934353443e-02 -5.478928730871743258e-02 6.265784961305313555e-05 -7.265188633630491506e-03 5.564689903243814906e-02 -1.395462634142550368e-02 5.574709769549562183e-02 5.873229396683303349e+01 3.865033757526669689e+01
-4.492966408442019936e-03 3.724239803096445617e-02 -5.371635151685033062e-03 -3.332871328289747914e-02 -4.671769384847482970e-02 -1.147823378468298440e-02 -2.009015859457194408e-02 5.247120611272890894e-02 4.983199212779096143e+01 2.690756322773801656e+01
-6.996061526763216847e-03 5.716880362283091599e-02 2.936141616048173683e-02 -4.939138731692891554e-02 -9.584326503439063658e-03 -1.963831645089623643e-02 -3.280041962089262023e-03 -2.121701285475429896e-03 4.927528133784793596e+01 2.820240644412304221e+01
7.818354770609513282e-03 3.298733683947895068e-02 -4.513352769210627474e-03 -5.827875371726593673e-03 8.223380433148252261e-03 -1.673028366273768622e-02 -1.031214488479302062e-02 1.574727668084144371e-03 5.154476551593793232e+01 3.839472745889382566e+01
2.807366228570758182e-02 -6.520660620618669041e-04 2.327596929494858344e-02 -3.513316114882037572e-02 -4.012545063214841695e-02 -4.160851202019790612e-02 5.059969177885310747e-03 -2.487179291343635454e-02 4.933375511380047840e+01 2.792065739951224757e+01
-1.298532885643334175e-02 -2.325292365920463651e-04 1.877773557605062066e-02 3.130775829627879814e-02 5.708177025999298243e-03 4.558319295831841922e-02 4.161672729054292138e-04 1.798502919737529973e-02 5.948376402392848661e+01 4.845241335826513307e+01
1.800450016299229641e-02 -5.780342524823161438e-03 -2.304293378146781476e-03 1.479174620885839253e-03 -4.245289277728810616e-04 -5.068618476356779971e-03 6.802367235708720906e-03 -4.762750155372961341e-02 5.110652474600642137e+01 3.747649154339062960e+01
-6.365917868221510761e-03 8.499382777414089471e-03 -4.386655822114714567e-03 -2.302196107481706278e-02 -2.762359671753448348e-02 2.987166573943423036e-03 5.101669802810539917e-02 -5.638218332299847757e-02 5.010835283330952450e+01 2.436278587816466512e+01
3.931737548244174790e-02 -5.900580829354404484e-03 1.173399908916463591e-02 -2.164446019427494067e-02 -1.282874051320831432e-02 -1.058793685997359152e-02 1.675343687669243742e-02 5.371387655973842989e-03 5.226154980136882244e+01 3.398991176023258021e+01
-1.941220615487050313e-02 -2.207367284046849593e-02 1.930590248773170203e-02 2.003650747756924658e-02 -9.925903917711521168e-03 1.244004547053222977e-02 1.663459006990167244e-02 2.192911118534653092e-02 5.527172872932987957e+01 3.834960005683376494e+01
-1.267729306521796218e-02 -2.847304656346627549e-02 -1.753817115618059360e-03 -4.576588536180555694e-02 -2.590248578902333565e-02 -2.707233961167911790e-02 5.363017933280970345e-02 -9.306196459138103491e-03 5.093216062817707979e+01 1.912322104108519483e+01
1.778322663669855419e-02 -1.651649440132114607e-02 -1.654526991246280804e-02 1.324688059145395606e-02 -5.337759864028724516e-03 -1.974543160165811648e-02 1.243639046944443674e-02 3.022909181825128230e-02 5.130204068240222171e+01 3.384668310295881355e+01
2.121009327672837910e-02 -3.998316050594074439e-02 3.108903003223987410e-02 1.550521561314557352e-02 2.265951465923330202e-02 -1.621506727955676630e-02 3.799241538653701233e-02 6.569249549335040225e-03 6.098121026175768833e+01 4.461780002761888397e+01
-1.237374616625382118e-02 4.756337982228282801e-02 3.524041494869602914e-02 2.713723022817654193e-02 1.615085858914011574e-02 1.131647447369016693e-02 -7.176190649496331543e-03 5.606936243404254949e-02 6.129856095533230587e+01 4.488568247916057885e+01
-1.100957813044782865e-02 4.714110644543868106e-02 -2.785781311196807580e-02 1.108581362749205303e-02 2.634987326356454801e-02 1.571555207271103580e-02 2.638134509039087930e-02 1.742124611898525702e-02 5.345137846837877049e+01 3.613836914567347236e+01
-8.125324271467128032e-03 -3.083148167020647104e-02 -9.754360700742949891e-03 6.476498882823903194e-03 -1.720960707965591557e-02 -2.519413532591695953e-02 -4.135282798862213727e-02 -1.707884034489516286e-03 4.828552797842079514e+01 2.980611316237486363e+01
2.789741906954952555e-02 7.718535479690083120e-03 2.037534664689174407e-02 -4.397735811075571127e-02 3.096062276444126737e-02 1.174813453410850084e-02 4.656663010503615113e-02 -7.491363764523814063e-03 5.530982896822487760e+01 3.965358624219592798e+01
1.103620423124102023e-02 -1.340515127790546657e-02 -2.059812163180089681e-02 7.544071782159819184e-04 3.441812865587067644e-02 -7.602565040811987834e-03 -5.260782661991050824e-03 -2.474034999435306172e-03 5.527482492370099010e+01 4.262560263692647311e+01
-3.005178483096907285e-02 -4.350189267945659549e-03 2.147380142126827443e-02 -2.280773202280934539e-02 -2.822150631957712902e-02 -1.314367041157977860e-02 -3.589013561627529825e-02 -4.430028047791677304e-02 4.542222014700339372e+01 2.758258587513206450e+01
-4.413075300365170914e-03 -7.321329406506691707e-03 -1.500783988924998293e-02 -1.091980851838949933e-02 -2.375749902367168404e-02 -1.629954508961865139e-02 -1.220952446164104595e-02 -5.003570713511697361e-03 5.038060985917142887e+01 3.062517823806560457e+01
6.631935192490629599e-03 1.253703544288166946e-03 2.656631951559063412e-02 1.527792369529956500e-02 -4.740365145547274783e-02 -3.948148396787079170e-03 -4.512538163612092590e-02 2.132660857298775137e-02 5.439990369317460761e+01 3.703918277008131099e+01
-1.347068720519707836e-02 -4.761716522692865591e-03 -1.103991138541800341e-03 3.203812288479283149e-02 -4.631783746563489235e-02 -8.467786384843854416e-03 8.232710708147137138e-03 9.103916299258532976e-03 5.232450207781389651e+01 3.829304816274816403e+01
-2.999880278852531251e-03 -7.493378329176815338e-04 -1.365238749455888537e-02 2.312582167628679519e-02 -1.669974081057046603e-02 6.674775239944441552e-02 -4.980689176288377075e-03 3.565236504183759425e-02 5.201607022087595311e+01 4.203313606313927409e+01
-1.406794229904102800e-02 -3.402876362955287864e-02 1.000959212011630871e-02 1.232642525979993353e-02 -8.016026658893497803e-03 -2.835136834041376494e-02 2.007187816701957485e-03 3.111516154954814539e-03 5.198950579112555204e+01 3.083182220417149111e+01
-1.564912142688007143e-02 -8.036545073532066694e-03 -5.515624695396720463e-03 2.060034955475392726e-02 6.343493275774097530e-03 -1.668388195231113383e-02 7.229099404116239719e-03 -5.318952005238091483e-04 5.240244869699314734e+01 3.654819078204015170e+01
-2.206138897843892832e-02 3.341003435219483397e-02 1.881574697632046322e-02 4.694453101689389889e-03 1.276782912067004477e-02 1.227578687324148987e-02 -3.514708578593311872e-02 -2.820858154782736327e-02 5.305655752563375671e+01 3.285793766162770169e+01
-1.616858389246043221e-02 1.573868511440172299e-02 -4.134508757650175864e-02 -9.163302198005800897e-03 -5.387626244282300858e-02 5.786015281341609119e-03 -1.897737884826494401e-02 1.491181689736521820e-02 5.080599393712370215e+01 2.755970664192592068e+01
-2.835156150317340307e-02 -4.470799626893067098e-03 -1.260917057586192179e-02 -3.441146393067310433e-02 1.113032453520644213e-02 -4.731049687098996814e-02 4.471463994472653358e-02 -5.057415650381811428e-02 5.238208538921934121e+01 1.990898187004285802e+01
-1.740050758791394665e-03 2.679894401766491976e-03 7.426106869447202628e-03 3.439486755792810213e-02 -1.984559763825844911e-02 5.036609867379172878e-03 -1.306683405305210204e-02 2.429203742170125621e-02 5.667009389132995523e+01 3.927305732030583840e+01
-5.789889478581123185e-04 4.221841853915006028e-03 3.075089949627711483e-02 -3.232944848141264260e-02 2.677718583435267485e-03 3.162142822538301090e-02 4.082151801426047583e-02 -1.781221427206359370e-02 5.002895222990280644e+01 3.790869079107795159e+01
-1.803277404956963800e-02 -1.917752429711330406e-02 -2.067853190671044283e-02 -5.127099911602075316e-02 -4.925242397858461962e-02 1.191008810212438457e-02 -1.966675119736445779e-02 1.543149278350288908e-02 5.236503477094777992e+01 2.149691960672721436e+01
1.638402245606850050e-02 -8.914298344388145792e-03 4.969565280759607843e-03 4.678475280754332971e-02 -1.890577579774349593e-02 -1.167511376358834792e-02 1.959570422573658245e-03 1.867737136286292971e-03 6.005664589183552948e+01 4.208648014886813371e+01
-1.403256288249410053e-02 1.780574708143315213e-02 -2.740746022214510247e-02 1.216003640994229099e-02 1.884383018895452455e-02 3.307074573616084878e-03 -2.325987700463840943e-02 1.172057253354449533e-02 5.230808598828557621e+01 3.609618924320258060e+01
-2.462690970516825256e-02 -3.046105486873874543e-02 -1.455731585253646279e-02 2.340939626475306221e-02 1.697333197088391615e-02 4.064056418595434622e-02 -2.113469546044054528e-02 -1.811024967333521238e-02 5.181846237080081607e+01 3.979389275460903264e+01
9.161504982939213532e-03 -2.376551820063621881e-02 -1.754413663219178687e-02 2.986325500450075915e-02 1.131872814251305703e-02 2.312180606420724191e-02 1.506078200303618067e-02 -9.810891180955216492e-03 5.470337008612160901e+01 4.200908748617830923e+01
-4.716994826501367394e-02 3.472849905875709242e-02 2.196734761594436314e-02 -8.486981622628054361e-03 4.045859988623854570e-02 -4.573669694898122376e-03 -2.763948880830895474e-02 6.001170362429035510e-02 5.103475571860377613e+01 3.349798397602759792e+01
2.756604162242495652e-03 3.160796179569492353e-02 5.521080720593939811e-02 3.115461413795584181e-02 2.545802964887407260e-02 -7.104135155317469093e-03 4.000161512890784005e-02 -2.947982204643040394e-02 6.730614131882049378e+01 4.454072782238026917e+01
1.240343326737158164e-02 5.199981091658268523e-02 -1.219399840506010108e-02 -2.071538661659481570e-02 -1.553033223600880537e-03 -4.501990957295038363e-03 1.283621798057500533e-02 -1.141307788486004525e-02 5.373194771346883414e+01 3.574067966268377461e+01
-1.132372202505713132e-02 2.950041054350499223e-02 1.782805598386482532e-02 2.849919785312539713e-02 -2.321975667083542912e-03 -7.484820053687653817e-03 -1.864303919778963203e-02 -5.385049193749783837e-03 5.718393003395731711e+01 3.633077614010218781e+01
1.764050306432988699e-02 4.977244796244196384e-02 -1.573696703080743400e-02 -5.072937948778501530e-03 5.475414588227969781e-02 7.710183706689064699e-03 1.868813298309439722e-02 1.116297767311519133e-02 5.735957647894884559e+01 4.405689988851774075e+01
4.454339508498553896e-02 -3.505458668811879674e-02 5.689337528548758620e-03 3.196194031536022783e-03 3.331525077195671841e-02 -6.993571336992157128e-04 6.053215222470769048e-03 -4.110140522606847528e-03 5.713469839149050244e+01 4.475218476193450812e+01
3.656182499609380437e-02 9.088755570270588141e-03 1.166424454586235601e-02 1.638578670644712937e-02 3.689250919863734657e-02 2.787274915506961215e-02 -3.877940780049050819e-03 4.102341814551829433e-03 6.094590785873612759e+01 4.803195179111365576e+01
-6.002797159980516502e-03 -1.831808600371581316e-02 2.068191640548286327e-03 -3.055762856798380916e-02 2.117820605026219868e-02 7.502656897041925024e-03 3.900845697358051173e-02 -1.032689854141650033e-03 5.370011594082036055e+01 3.358665785790271485e+01
2.448257878772681917e-02 -1.088987626505385706e-02 3.220901875868649282e-03 1.299398057862900108e-02 -3.976672728123882561e-02 3.189057495549258575e-02 1.886339261628012381e-02 6.435453464910908215e-03 5.243499215614237841e+01 4.479896690876189780e+01
-2.227616543824564171e-02 2.454188206700755673e-02 1.092217350793114883e-02 -4.215717734119449334e-02 2.592694664714092784e-03 7.634422196860752609e-03 -6.290547077931908648e-02 4.845594256818585438e-02 5.104764035877093420e+01 3.143010690005108287e+01
-3.897408836942659049e-02 -2.728310181350971156e-02 5.710481653721709468e-03 -1.611746006874197404e-02 7.096976243333137993e-03 3.143345721177857877e-02 2.151064495726650108e-02 -2.332266480736941081e-02 4.847750732771411464e+01 3.469868044315948907e+01
-1.827966533164165561e-02 1.054068191673653183e-02 -1.519479631987858195e-02 -2.486773026222424687e-03 -2.811118639108069195e-02 1.179092271977655836e-02 7.324098939071711258e-03 -7.987524685578763217e-03 4.876904709250241154e+01 3.550821539705847840e+01
-1.279538848882995176e-02 -8.435759528147554476e-03 -7.279984074478243646e-03 6.209363787560549623e-03 -1.746635306104103941e-03 -4.474101149264550449e-04 -2.675217093277788838e-02 2.422515900685207751e-02 4.949475770601429758e+01 3.496351478503207488e+01
6.094765579320078619e-02 1.794846356063246537e-02 -3.005155113135278555e-02 5.693257062605028979e-02 -8.622512085580975177e-03 5.246491582869355907e-02 -3.612122344510268479e-02 1.660687713460020851e-02 6.079042281161093797e+01 5.251266285884667440e+01
4.845475559469204774e-02 6.066892740777631021e-03 3.173980730827115695e-03 -6.272655117070340645e-03 -4.453721650863223455e-03 2.265367917041092541e-05 -2.423720996281346005e-02 -1.174713815370555421e-02 5.340071199529006662e+01 3.877019533403993279e+01
-1.853201805216796519e-02 -1.114360892120004783e-02 -2.544529782645471930e-02 2.688624198561644085e-02 -1.012021401915809762e-02 -2.964743046899078957e-02 -2.224713016552993736e-02 2.871173754378464685e-02 4.865469712026558824e+01 3.175471099830775756e+01
1.097935493926546768e-02 8.423029220488386509e-03 1.397406785492304009e-02 -5.758079295987554580e-02 2.967972104649490780e-02 -2.249963313935471679e-02 9.755063973955846110e-03 3.191319415379009067e-02 5.569961463596263229e+01 2.833921695336283975e+01
4.987816124726382819e-03 5.170116713384897977e-02 8.421780844041363082e-03 -1.308429113901423031e-02 7.937498780935576051e-03 7.940792777795874918e-03 2.394052669970477693e-02 -5.952980933309342214e-03 5.107584676206331409e+01 4.140802845828223866e+01
2.974683783104259925e-03 -4.668541184655560818e-03 3.206883477241749374e-04 -4.915504448375811880e-02 4.873637220398124338e-03 2.753214766948726758e-02 1.901647549267535334e-02 -3.716491718475083399e-03 5.521656739919266954e+01 3.092724996175179797e+01
-7.311881030411876902e-04 -8.055774153097831208e-03 1.831953392096896931e-03 1.363007406215041746e-02 -3.954046075911341572e-03 -1.284631187734274101e-02 -1.283512421884551967e-02 -5.234514607197575213e-03 5.239276927096113212e+01 3.730974819404562481e+01
-2.591236597380777371e-02 2.179517241864500215e-02 -2.524039585291991059e-02 4.109545703835098748e-03 -4.391564639182926610e-02 -1.593620830549333581e-02 3.936994108602933501e-02 -4.717906132649528350e-02 4.765217020286237926e+01 2.683388102943790088e+01
-4.650084731197057231e-02 3.173359339959056641e-02 -7.741916029671568099e-04 6.460922164761936752e-03 -6.142473544248457790e-03 -3.096589730146397101e-02 5.365629422127851135e-03 2.414019250503475836e-02 4.697584168538735128e+01 3.136421464095498735e+01
9.939054715521013217e-03 -3.272785298471711513e-02 1.683118270193152341e-02 1.489978649626523544e-02 3.985602827913937475e-03 1.813535274796312935e-02 2.068316492495345105e-02 -8.296542060101295968e-03 5.671221606418240668e+01 4.282316987338910508e+01
-1.772053856581740430e-02 -1.443937536259646756e-02 -1.475427041567799842e-03 3.665567568565072931e-02 -1.239502629151452776e-02 -3.944155626564871571e-03 2.253473921284861528e-02 6.675858615500307632e-03 5.465592832958986236e+01 3.819959480268030916e+01
-1.423763623844889400e-02 2.399181308933280576e-02 1.209409867180383409e-02 -6.542934763181681296e-03 5.752462977680225520e-02 3.220443707851228504e-03 -2.076693027594529381e-02 4.117575887880407792e-02 5.365967069623199137e+01 4.035530746382066525e+01
3.201887674277405921e-02 -2.267842057954859089e-02 -7.667422991498360103e-03 -4.924757130405622157e-02 2.714794527418604511e-02 -2.176957281774358557e-02 -3.909071222612551383e-02 3.860854575949131812e-02 5.853677805742351836e+01 3.119791076969405452e+01
9.958097481798384998e-03 5.329926049284420403e-02 -1.979617224148984972e-02 -4.337016214899281491e-03 1.056034415494075569e-02 -5.567950720782284882e-03 -3.083623207906687272e-02 4.108478950141536412e-02 5.378296521031221289e+01 3.476653945921886901e+01
2.057411311070285118e-02 9.358476203402655083e-03 4.890710370349012244e-03 5.212703132153998636e-03 2.947241006081000730e-02 9.095398963292479835e-03 6.049874636495867347e-02 -5.440321252722539469e-02 5.529585198853632733e+01 4.531112771371152093e+01
3.638649697671234029e-02 1.318759535394230980e-03 -1.686960978154081192e-02 -4.670651825185028437e-03 -8.106785983347618643e-03 1.793218083132254101e-02 1.878941665483460643e-02 -3.724652515716404821e-02 5.493702674204953240e+01 4.058391233540262988e+01
-9.465238340462317143e-03 -3.279574433661847262e-03 3.484270158197963485e-02 4.881257628518106441e-03 -3.633504946051423212e-02 -7.460434649638214913e-03 9.653615151451400839e-03 -2.649365802875414122e-02 5.324600782357597950e+01 3.509701796574691457e+01
-2.476554073266148959e-02 1.311014048773593080e-02 -2.980550626556735527e-02 6.400103461003820056e-03 2.631450454924121399e-02 -2.617052997198360265e-02 2.205075951295340855e-02 4.795425795388136292e-03 5.252269292179722981e+01 3.170211932972929603e+01
4.099321602253328325e-03 -4.732466087545515732e-02 1.493421016711169932e-02 -1.799892969153710220e-02 -1.068391918856845084e-02 -4.123374816505981366e-02 9.731720987981768572e-03 -5.473273340405703478e-03 4.878654306656384421e+01 2.775614488178536021e+01
1.486796355349278773e-02 9.019007847816859144e-03 5.083183912967928486e-03 -1.331080044845779284e-02 -3.349527252029946278e-02 -1.243304066290287432e-02 -2.994517711295613741e-02 -2.230646160926169977e-02 4.938985046401050027e+01 3.492446817371369860e+01
-2.010793292842606370e-02 -4.074210719270804359e-03 2.024414741642210219e-02 -1.517500055600028890e-03 1.749903600783710156e-02 -1.189601955581052681e-02 1.707159601346374192e-02 -3.728817951575053025e-02 5.213407302567659940e+01 3.677443498596338856e+01
2.273149650641744304e-02 2.720372467707534922e-02 2.956460020765802436e-03 2.870336925421210564e-02 4.163280733138772886e-03 -7.741668275300277527e-03 2.053619572862583689e-02 7.883124499732231324e-03 5.797378143889605440e+01 3.942721295869014853e+01
1.915843503558660454e-02 -8.890973276863924080e-03 2.482482246685607102e-02 4.117031919046650751e-02 -1.144764599759369277e-02 -1.837567082500488752e-02 -8.593466412052283912e-03 2.336918857750599175e-03 6.261270298840386772e+01 4.300916715237100618e+01
1.532818974312775973e-02 -2.305229361005986608e-03 2.109503454516906823e-02 -1.212567307158875403e-02 -3.431912960037578758e-02 1.128270267618847189e-02 -4.558363750890615657e-02 -2.570808984616449952e-02 5.009991786432314598e+01 3.631869672494194390e+01
-5.811670367737014134e-03 -2.233604922190720113e-02 7.314222022542304913e-02 1.008662822023830355e-02 -2.271166942074345080e-02 -2.825685000713246478e-02 4.099330265529191504e-03 -4.139714730667836545e-02 6.168471917433257801e+01 3.912119792365975712e+01
9.776646825183150924e-03 2.165095534698129216e-03 3.667385236856319716e-03 -2.750339864696295725e-02 2.871458139810409427e-02 -2.984433952320347458e-02 3.226743963811993382e-02 8.943822507101139435e-03 5.404642166426904737e+01 3.159204272451895079e+01
-9.702689960173238246e-03 5.393411085289762791e-02 7.092357863803194426e-03 4.705350513729784044e-03 2.841959373177665657e-03 -3.246587572017469586e-02 -5.041020076607762891e-04 -1.345073385023805301e-02 5.131585525781388668e+01 3.675905399745315094e+01
-2.674720140460982304e-02 4.064892982625456508e-02 6.414491266961090676e-02 2.119457789787616842e-02 -1.447633816176732528e-02 -1.029807673354546718e-02 -8.618029954420944327e-03 -3.281708893730562321e-02 6.187018004003579819e+01 3.938161127896577796e+01
-2.236734544333508420e-02 -1.552284614201078321e-02 2.142853448946411415e-02 -3.170399311781529374e-03 3.030484487332157223e-03 9.784918519641349136e-03 5.377621946878892098e-03 3.497013751528364051e-02 5.140711660003056949e+01 3.441637117832310366e+01
-4.100832992560766305e-02 2.619572337125623471e-02 3.651714225629738159e-02 6.191258271657663209e-02 -2.242267547158460772e-02 1.038445596228296589e-02 -3.262337308510813386e-03 -4.428820824884170670e-02 6.373115687960553544e+01 4.162963606146031736e+01
-1.353564224231434618e-02 2.322617788687589540e-03 3.919105453960328167e-02 1.850720326229302179e-03 -4.609224145254632587e-02 1.286671164500962326e-02 -9.050614305020358158e-03 -1.722094899511734944e-02 5.335628143446271565e+01 3.580353089250526466e+01
-1.461111125917839010e-02 -9.225565502845797794e-03 -1.714234242682022291e-02 -9.049649554307448787e-03 -1.826724890107632449e-02 -4.365364039629059112e-02 -3.840151369975018658e-02 5.673116557669651006e-02 4.997978917204076765e+01 2.606708231480039828e+01
-2.220359644811268490e-02 6.794686467974089469e-03 -1.268044548640630785e-02 -2.076266918793214997e-02 -6.350873345792742986e-02 -3.858183296146999036e-02 -2.978867663658218631e-02 2.657136298954684492e-02 4.650218622906461263e+01 2.225306917615574775e+01
